Datetime,goat_id,O_30m,D_15-30m,MAD_15m,Act15m,Temp_60m,y_H2
2025-04-19T05:24:00.000000+0000,11,154.8189414840077,2.842170943040401e-14,33.90655965981545,1.0,19.045914637980697,0
2025-04-19T05:25:00.000000+0000,11,154.81894148400772,0.0,33.90655965981545,1.0,19.045914637980694,0
2025-04-19T05:26:00.000000+0000,11,154.81894148400772,-2.842170943040401e-14,33.90655965981545,1.0,19.045914637980697,0
2025-04-19T05:27:00.000000+0000,11,154.8189414840077,2.842170943040401e-14,33.90655965981545,1.0,19.045914637980694,0
2025-04-19T05:28:00.000000+0000,11,154.81894148400772,0.0,33.90655965981545,1.0,19.045914637980697,0
2025-04-19T05:29:00.000000+0000,11,154.81894148400772,0.0,33.90655965981545,1.0,19.045914637980697,0
2025-04-19T05:30:00.000000+0000,11,154.8189414840077,0.0,33.90655965981545,1.0,19.045914637980694,0
2025-04-19T05:31:00.000000+0000,11,154.81894148400772,0.0,33.90655965981545,1.0,19.045914637980697,0
2025-04-19T05:32:00.000000+0000,11,154.8189414840077,2.842170943040401e-14,33.90655965981545,1.0,19.045914637980694,0
2025-04-19T05:33:00.000000+0000,11,154.81894148400772,0.0,33.90655965981545,1.0,19.045914637980697,0
2025-04-19T05:34:00.000000+0000,11,154.81894148400772,-2.842170943040401e-14,33.90655965981545,1.0,19.045914637980697,0
2025-04-19T05:35:00.000000+0000,11,154.8189414840077,2.842170943040401e-14,33.90655965981545,1.0,19.045914637980694,0
2025-04-19T05:36:00.000000+0000,11,154.81894148400772,0.0,33.90655965981545,1.0,19.045914637980697,0
2025-04-19T05:37:00.000000+0000,11,154.81894148400772,0.0,33.90655965981545,1.0,19.045914637980694,0
2025-04-19T05:38:00.000000+0000,11,154.8189414840077,0.0,33.90655965981545,1.0,19.045914637980694,0
2025-04-19T05:39:00.000000+0000,11,154.81894148400772,0.0,33.90655965981545,1.0,19.045914637980697,0
2025-04-19T05:40:00.000000+0000,11,154.8189414840077,2.842170943040401e-14,33.90655965981545,1.0,19.045914637980694,0
2025-04-19T05:41:00.000000+0000,11,154.81894148400772,0.0,33.90655965981545,1.0,19.045914637980697,0
2025-04-19T05:42:00.000000+0000,11,154.81894148400772,-2.842170943040401e-14,33.90655965981545,1.0,19.045914637980697,0
2025-04-19T05:43:00.000000+0000,11,154.8189414840077,2.842170943040401e-14,33.90655965981545,1.0,19.045914637980694,0
2025-04-19T05:44:00.000000+0000,11,154.81894148400772,0.0,33.90655965981545,1.0,19.045914637980697,0
2025-04-19T05:45:00.000000+0000,11,154.81894148400772,0.0,33.90655965981545,1.0,19.045914637980694,0
2025-04-19T05:46:00.000000+0000,11,154.8189414840077,0.0,33.90655965981545,1.0,19.045914637980697,0
2025-04-19T05:47:00.000000+0000,11,154.81894148400772,0.0,33.90655965981545,1.0,19.045914637980697,0
2025-04-19T05:48:00.000000+0000,11,154.8189414840077,2.842170943040401e-14,33.90655965981545,1.0,19.045914637980694,0
2025-04-19T05:49:00.000000+0000,11,154.81894148400772,0.0,33.90655965981545,1.0,19.045914637980697,0
2025-04-19T05:50:00.000000+0000,11,154.81894148400772,-2.842170943040401e-14,33.90655965981545,1.0,19.045914637980694,0
2025-04-19T05:51:00.000000+0000,11,154.8189414840077,2.842170943040401e-14,33.90655965981545,1.0,19.045914637980697,0
2025-04-19T05:52:00.000000+0000,11,154.81894148400772,0.0,33.90655965981545,1.0,19.045914637980697,0
2025-04-19T05:53:00.000000+0000,11,154.81894148400772,0.0,33.90655965981545,1.0,19.045914637980694,0
2025-04-19T05:54:00.000000+0000,11,154.8189414840077,0.0,33.90655965981545,1.0,19.045914637980697,0
2025-04-19T05:55:00.000000+0000,11,154.81894148400772,0.0,33.90655965981545,1.0,19.045914637980694,0
2025-04-19T05:56:00.000000+0000,11,154.8189414840077,2.842170943040401e-14,33.90655965981545,1.0,19.045914637980694,0
2025-04-19T05:57:00.000000+0000,11,154.81894148400772,0.0,33.90655965981545,1.0,19.045914637980697,0
2025-04-19T05:58:00.000000+0000,11,154.81894148400772,-2.842170943040401e-14,33.90655965981545,1.0,19.045914637980694,0
2025-04-19T05:59:00.000000+0000,11,154.8189414840077,2.842170943040401e-14,33.90655965981545,1.0,19.045914637980697,0
2025-04-19T06:00:00.000000+0000,11,154.81894148400772,0.0,33.90655965981545,1.0,19.045914637980694,0
2025-04-19T06:01:00.000000+0000,11,154.81894148400772,0.0,33.90655965981545,1.0,19.045914637980694,0
2025-04-19T06:02:00.000000+0000,11,154.8189414840077,0.0,33.90655965981545,1.0,19.045914637980697,0
2025-04-19T06:03:00.000000+0000,11,154.81894148400772,0.0,33.90655965981545,1.0,19.045914637980694,0
2025-04-19T06:04:00.000000+0000,11,154.8189414840077,2.842170943040401e-14,33.90655965981545,1.0,19.045914637980697,0
2025-04-19T06:05:00.000000+0000,11,150.75231010120748,-4.066631382800267,31.646122349161086,1.0,19.058482727347684,0
2025-04-19T06:06:00.000000+0000,11,147.54601205174055,-7.272929432267205,29.494351705173397,1.0,19.07105081671467,0
2025-04-19T06:07:00.000000+0000,11,143.32179733560693,-11.497144148400764,27.335247727852366,1.0,19.083618906081664,0
2025-04-19T06:08:00.000000+0000,11,139.1229437305845,-15.69599775342327,25.15547708386466,1.0,19.09618699544865,0
2025-04-19T06:09:00.000000+0000,11,134.87092345889533,-19.948018025112404,22.94037310654363,1.0,19.10875508481564,0
2025-04-19T06:10:00.000000+0000,11,130.6378476316506,-24.181093852357094,20.7532691292226,1.0,19.121323174182628,0
2025-04-19T06:11:00.000000+0000,11,126.69385513773926,-28.125086346268475,18.54683181856824,1.0,19.133891263549614,0
2025-04-19T06:12:00.000000+0000,11,122.50777931049454,-32.311162173513154,16.36706117458054,1.0,19.146459352916608,0
2025-04-19T06:13:00.000000+0000,11,118.32664792769428,-36.49229355631341,14.195290530592848,1.0,19.15924133117248,0
2025-04-19T06:14:00.000000+0000,11,114.70396098933847,-40.114980494669226,12.108186553271818,1.0,19.172095531650584,0
2025-04-19T06:15:00.000000+0000,11,110.49341293987156,-44.325528544136176,9.92241590928412,1.0,19.18545528768424,0
2025-04-19T06:16:00.000000+0000,11,107.01650377929353,-47.80243770471421,7.744645265296431,1.0,19.20007893260678,0
2025-04-19T06:17:00.000000+0000,11,102.90812239649327,-51.91081908751447,5.594207954642069,1.0,19.215188688640435,0
2025-04-19T06:18:00.000000+0000,11,98.68921323591523,-56.1297282480925,3.463770643987707,1.0,19.230876222451865,0
2025-04-19T06:19:00.000000+0000,11,94.89310963089275,-59.92583185311498,1.5220000000000085,1.0,19.24648597848552,0
2025-04-19T06:20:00.000000+0000,11,94.31301893271652,-52.37265978569071,4.368000000000009,1.0,19.262170372805212,0
2025-04-19T06:21:00.000000+0000,11,92.7315819943607,-47.54150062511266,5.736666666666673,1.0,19.278071795505532,0
2025-04-19T06:22:00.000000+0000,11,91.56994907610539,-40.254704111100786,7.9900000000000055,1.0,19.293867574613973,0
2025-04-19T06:23:00.000000+0000,11,91.30151213774958,-32.12543383941165,11.05866666666667,1.0,19.30961344175874,0
2025-04-19T06:24:00.000000+0000,11,88.47840853272709,-26.44449690105582,11.639333333333346,1.0,19.324056531125727,0
2025-04-19T06:25:00.000000+0000,11,89.42244128949503,-17.03431248979848,14.89322807017545,1.0,19.336624620492717,0
2025-04-19T06:26:00.000000+0000,11,89.97397657336144,-8.594792218109333,18.130561403508782,1.0,19.349192709859704,0
2025-04-19T06:27:00.000000+0000,11,87.7414563016723,-2.455160835309087,19.61522807017545,1.0,19.361760799226694,0
2025-04-19T06:28:00.000000+0000,11,84.67985269664982,2.8454983252689487,19.83522807017545,1.0,19.374328888593677,0
2025-04-19T06:29:00.000000+0000,11,83.26616226862343,8.677181773954175,21.673228070175448,1.0,19.386896977960667,0
2025-04-19T06:30:00.000000+0000,11,79.2705291851429,13.102644789407492,21.90807160759041,1.0,19.399465067327657,0
2025-04-19T06:31:00.000000+0000,11,75.19739780234265,15.983331727763314,22.316071607590402,1.0,19.412033156694644,0
2025-04-19T06:32:00.000000+0000,11,73.55957197509794,22.562268666119124,25.256071607590403,1.0,19.424601246061634,0
2025-04-19T06:33:00.000000+0000,11,69.27255170340878,26.713066715586066,25.3200716075904,1.0,19.43716933542862,0
2025-04-19T06:34:00.000000+0000,11,65.0918369872752,30.12455920949742,25.108738274257068,1.0,19.44973742479561,0
2025-04-19T06:35:00.000000+0000,11,64.61289254283075,22.672533395804948,22.302738274257067,1.0,19.4623055141626,0
2025-04-19T06:36:00.000000+0000,11,64.41228479872302,19.222203429474973,21.066071607590402,1.0,19.474873603529588,0
2025-04-19T06:37:00.000000+0000,11,64.24261813205635,12.92737316705174,18.828738274257077,1.0,19.487441692896578,0
2025-04-19T06:38:00.000000+0000,11,64.54134035427857,5.365262055940633,16.179404940923746,1.0,19.500009782263565,0
2025-04-19T06:39:00.000000+0000,11,64.76856257650078,2.7346509448295393,15.623404940923741,1.0,19.51257787163055,0
2025-04-19T06:40:00.000000+0000,11,64.74484035427857,-7.643288445417973,12.363510204081631,1.0,19.52514596099754,0
2025-04-19T06:41:00.000000+0000,11,66.87472293862544,-14.504461416626661,9.782843537414971,1.0,19.537714050364528,0
2025-04-19T06:42:00.000000+0000,11,70.44930627195876,-14.836989194404431,11.469510204081638,1.0,19.550282139731515,0
2025-04-19T06:43:00.000000+0000,11,72.44716064906315,-15.078190372855623,13.106176870748307,1.0,19.562850229098505,0
2025-04-19T06:44:00.000000+0000,11,73.01452176017428,-18.928822282403367,11.248843537414976,1.0,19.57360581846549,0
2025-04-19T06:45:00.000000+0000,11,75.19027176017427,-17.18290221437615,12.341333333333345,1.0,19.581173907832483,0
2025-04-19T06:46:00.000000+0000,11,74.84441064906315,-16.336318881042814,12.179333333333346,1.0,19.587583663866138,0
2025-04-19T06:47:00.000000+0000,11,75.27654953795204,-20.845291103265033,9.903333333333348,1.0,19.592035086566458,0
2025-04-19T06:48:00.000000+0000,11,78.06191064906315,-17.923707769931703,12.877333333333352,1.0,19.596269842600115,0
2025-04-19T06:49:00.000000+0000,11,79.92713287128537,-15.289263325487255,14.133333333333345,1.0,19.598608765300433,0
2025-04-19T06:50:00.000000+0000,11,77.67534218666134,-9.61008375197433,14.983333333333347,1.0,19.597951854667425,0
2025-04-19T06:51:00.000000+0000,11,77.01347911146495,-6.621009116733049,15.84400000000001,1.0,19.596679364324267,0
2025-04-19T06:52:00.000000+0000,11,75.69244723578183,-1.4775440633262917,16.263536379018618,1.0,19.59368070306153,0
2025-04-19T06:53:00.000000+0000,11,74.52768108790853,4.621078677689326,18.204869712351947,1.0,19.589582125761858,0
2025-04-19T06:54:00.000000+0000,11,75.40887472945039,7.9056612081200655,18.88020304568528,1.0,19.58526615715783,0
2025-04-19T06:55:00.000000+0000,11,75.55814379306905,18.45659188420842,23.470203045685288,1.0,19.579979502612144,0
2025-04-19T06:56:00.000000+0000,11,74.14169934862458,21.771437826625814,25.283536379018617,1.0,19.573651758645795,0
2025-04-19T06:57:00.000000+0000,11,76.00436601529125,20.392048937736917,23.592203045685277,1.0,19.56466151467945,0
2025-04-19T06:58:00.000000+0000,11,77.33589379306903,19.966923516861513,24.463536379018606,1.0,19.552971270713105,0
2025-04-19T06:59:00.000000+0000,11,76.28381394940628,22.198114471635364,26.11153637901861,1.0,19.540539360080093,0
2025-04-19T07:00:00.000000+0000,11,78.90071291418482,20.89334336838671,27.31553637901861,1.0,19.52789060207427,0
2025-04-19T07:01:00.000000+0000,11,83.13068513640704,24.622593368386703,29.180203045685275,1.0,19.514700358107923,0
2025-04-19T07:02:00.000000+0000,11,80.86732402529591,26.436065590608948,28.918869712351935,1.0,19.501076780808248,0
2025-04-19T07:03:00.000000+0000,11,82.30935180307371,22.17114892394227,25.831536379018605,1.0,19.487057370175236,0
2025-04-19T07:04:00.000000+0000,11,88.83317671889863,24.19530717310049,30.568418533900765,1.0,19.47059374000967,0
2025-04-19T07:05:00.000000+0000,11,93.46626005223196,25.40100161754495,33.862418533900765,1.0,19.441352073343005,0
2025-04-19T07:06:00.000000+0000,11,96.76998115211973,26.377511157387815,37.45569126117349,1.0,19.411677615913955,0
2025-04-19T07:07:00.000000+0000,11,98.81205270094127,24.59714952848573,38.03573737373737,1.0,19.38222018686554,0
2025-04-19T07:08:00.000000+0000,11,100.07099302226547,20.92223325666764,36.74882828282829,1.0,19.352872906530813,0
2025-04-19T07:09:00.000000+0000,11,109.2888307567414,25.974294819170964,43.71682828282828,1.0,19.32319116448726,0
2025-04-19T07:10:00.000000+0000,11,117.41771897654628,23.402983299268826,42.836828282828286,1.0,19.293518071444513,0
2025-04-19T07:11:00.000000+0000,11,121.37970800268143,25.466570827431056,43.101494949494956,1.0,19.26373473811118,0
2025-04-19T07:12:00.000000+0000,11,122.00949680781824,25.61308185479004,44.9508550834983,1.0,19.233734738111178,0
2025-04-19T07:13:00.000000+0000,11,125.19714243071387,27.894325120783336,48.30218841683164,1.0,19.20352084922229,0
2025-04-19T07:14:00.000000+0000,11,128.15425578649388,29.672327365452247,53.100188416831635,1.0,19.17323473811118,0
2025-04-19T07:15:00.000000+0000,11,129.66131134204943,29.867255059477912,53.02818841683163,1.0,19.14325557144451,0
2025-04-19T07:16:00.000000+0000,11,131.06108911982722,23.307810615033475,52.79885508349831,1.0,19.116091682555624,0
2025-04-19T07:17:00.000000+0000,11,133.07367245316055,25.770282837255678,53.358855083498305,1.0,19.092002793666733,0
2025-04-19T07:18:00.000000+0000,11,131.10250578649388,26.622005059477914,53.5428550834983,1.0,19.069708349222292,0
2025-04-19T07:19:00.000000+0000,11,134.05436689760498,21.025883005605834,54.70197292861615,1.0,19.04977918255562,0
2025-04-19T07:20:00.000000+0000,11,135.29681134204944,16.429549672272486,51.57463959528282,1.0,19.029454544269587,0
2025-04-19T07:21:00.000000+0000,11,137.5978374363255,14.450345126818007,50.58936686801009,1.0,19.008694944937368,0
2025-04-19T07:22:00.000000+0000,11,139.19398195857482,15.7847797291478,51.89845104309427,1.0,18.987608921862584,0
2025-04-19T07:23:00.000000+0000,11,141.22338768248053,20.23016140354744,56.40379550815301,1.0,18.966280363705767,0
2025-04-19T07:24:00.000000+0000,11,143.4909440409387,8.227818465026303,53.78579550815301,1.0,18.946855363705765,0
2025-04-19T07:25:00.000000+0000,11,140.0643593337799,-0.7563429420352463,52.99312884148633,1.0,18.929315681166084,0
2025-04-19T07:26:00.000000+0000,11,137.78835933377985,-9.057919496332573,51.82446217481967,1.0,18.91146151449942,0
2025-04-19T07:27:00.000000+0000,11,134.14408155600208,-13.478497106606184,48.773768707482986,1.0,18.89338651449942,0
2025-04-19T07:28:00.000000+0000,11,134.61741488933544,-18.474052662161753,46.027768707483,1.0,18.875419847832752,0
2025-04-19T07:29:00.000000+0000,11,136.9252145355437,-20.901368616402408,42.442260289974584,1.0,18.85713393430416,0
2025-04-19T07:30:00.000000+0000,11,138.29657159863694,-21.231994802890412,45.02858524809854,1.0,18.83981672551906,0
2025-04-19T07:31:00.000000+0000,11,137.8922382653036,-16.476661469557058,47.05591858143186,1.0,18.82174172551906,0
2025-04-19T07:32:00.000000+0000,11,137.91490493197026,-20.92905035844592,46.27991858143186,1.0,18.804425058852395,0
2025-04-19T07:33:00.000000+0000,11,136.50129382085916,-21.223217025112618,46.10725191476521,1.0,18.78656672551906,0
2025-04-19T07:34:00.000000+0000,11,129.93585779392313,-25.144392109287708,38.95858524809852,1.0,18.76946672551906,0
2025-04-19T07:35:00.000000+0000,11,132.55549710157248,-19.170863912749454,43.97658524809854,1.0,18.75149897461553,0
2025-04-19T07:36:00.000000+0000,11,133.6695781902369,-18.37860437290658,42.86125191476519,1.0,18.733857307948863,0
2025-04-19T07:37:00.000000+0000,11,141.37530069304276,-13.603460994679892,49.56058524809852,1.0,18.715994989108285,0
2025-04-19T07:38:00.000000+0000,11,140.46248579259398,-20.991063293434024,44.08614987394887,1.0,18.69835332244162,0
2025-04-19T07:39:00.000000+0000,11,136.59409951142663,-15.124662994538383,43.7574832072822,1.0,18.680390669152874,0
2025-04-19T07:40:00.000000+0000,11,130.66487795828843,-8.64313843345623,43.155483207282195,1.0,18.66285733581954,0
2025-04-19T07:41:00.000000+0000,11,125.8020063478064,-2.9284334896408524,43.444149873948874,1.0,18.645107335819542,0
2025-04-19T07:42:00.000000+0000,11,126.89693976489183,6.2313553154959465,47.39148320728221,1.0,18.627790669152876,0
2025-04-19T07:43:00.000000+0000,11,127.72513420933628,11.581771982162607,53.31014987394886,1.0,18.60973650248621,0
2025-04-19T07:44:00.000000+0000,11,132.73462410832616,16.710778189184907,56.97832495812394,1.0,18.593884839993166,0
2025-04-19T07:45:00.000000+0000,11,135.73567966388174,18.671102868135193,57.63133333333333,1.0,18.5809181733265,0
2025-04-19T07:46:00.000000+0000,11,141.07934633054842,19.663769534801844,58.11466666666667,1.0,18.5695431733265,0
2025-04-19T07:47:00.000000+0000,11,153.30442830335065,36.31857372982631,63.96108591065293,1.0,18.560688452296457,0
2025-04-19T07:48:00.000000+0000,11,165.2638510772351,49.98577428148863,70.72114432894998,1.0,18.551924826364154,0
2025-04-19T07:49:00.000000+0000,11,187.30332930985114,82.51186362521574,83.9074418557915,1.0,18.545161705113085,0
2025-04-19T07:50:00.000000+0000,11,192.79411937658932,79.40948618776633,79.5521526370737,1.0,18.5381621288419,0
2025-04-19T07:51:00.000000+0000,11,196.03436971223564,80.74339589490532,77.74217984795806,1.0,18.52631213189944,0
2025-04-19T07:52:00.000000+0000,11,207.99571536071213,80.22387566234923,71.18740489025923,1.0,18.510703073809054,0
2025-04-19T07:53:00.000000+0000,11,212.865523871622,93.39410137246213,74.05660056345238,1.0,18.491722847820352,0
2025-04-19T07:54:00.000000+0000,11,233.14754404261222,111.67810752572396,78.61361910691036,1.0,18.468088482483736,0
2025-04-19T07:55:00.000000+0000,11,239.9983491998648,117.97660967503256,79.82391026592317,1.0,18.441785034306022,0
2025-04-19T07:56:00.000000+0000,11,246.60193380482676,123.72836094666118,79.32171525458531,1.0,18.414052498845027,0
2025-04-19T07:57:00.000000+0000,11,254.58897957612425,121.46068449573653,76.81559280560572,1.0,18.38836175103615,0
2025-04-19T07:58:00.000000+0000,11,260.4674078290145,121.16050163751567,69.67735665888573,1.0,18.365319575031624,0
2025-04-19T07:59:00.000000+0000,11,264.37299456976064,114.92759227224957,64.32128931881839,1.0,18.340964466153903,0
2025-04-19T08:00:00.000000+0000,11,266.2503505171771,111.84356798516018,59.717284107576994,1.0,18.31461855025797,0
2025-04-19T08:01:00.000000+0000,11,268.1260062325657,107.38289036721545,56.89729757559045,1.0,18.285376883591304,0
2025-04-19T08:02:00.000000+0000,11,276.23396659132385,86.61096455814675,54.55979862752827,1.0,18.2539183235006,0
2025-04-19T08:03:00.000000+0000,11,285.04151623643605,69.7918908777122,49.944127773537545,1.0,18.219804731980865,0
2025-04-19T08:04:00.000000+0000,11,292.80230338209367,22.987110447026794,40.544905076628005,1.0,18.185209494019013,0
2025-04-19T08:05:00.000000+0000,11,293.712795109595,21.509189545239224,42.27823648165839,1.0,18.148031723345525,0
2025-04-19T08:06:00.000000+0000,11,295.76532019712255,18.987554589981755,43.73631079361668,1.0,18.10799658481498,0
2025-04-19T08:07:00.000000+0000,11,293.0730954784338,4.853504455372388,43.87761636356039,1.0,18.06571261510423,0
2025-04-19T08:08:00.000000+0000,11,299.5614814041462,-6.698143839937984,43.41001370117564,1.0,18.02324469978057,0
2025-04-19T08:09:00.000000+0000,11,301.6311909544143,-43.19446061392199,36.12925366111901,1.0,17.981186946025804,0
2025-04-19T08:10:00.000000+0000,11,308.4906630508188,-49.484295824078515,34.23974574491959,1.0,17.938755293210647,0
2025-04-19T08:11:00.000000+0000,11,316.1159109607573,-54.21438379073072,36.22502946648902,1.0,17.897090447272273,0
2025-04-19T08:12:00.000000+0000,11,317.2703034736084,-58.779360598252424,36.12180511412182,1.0,17.856538162439083,0
2025-04-19T08:13:00.000000+0000,11,317.6790827456971,-63.94882672083301,35.49008125259609,1.0,17.81900505452136,0
2025-04-19T08:14:00.000000+0000,11,316.06118925209904,-63.23939758991111,36.33168678406675,1.0,17.78241127823877,0
2025-04-19T08:15:00.000000+0000,11,316.13537640585724,-61.95854209647999,36.07760154304683,1.0,17.746069235317922,0
2025-04-19T08:16:00.000000+0000,11,314.89813147636056,-60.610765123420634,36.35343156000818,1.0,17.70611135281581,0
2025-04-19T08:17:00.000000+0000,11,308.44214476284446,-54.402786386626246,36.43420823378109,1.0,17.660991908371365,0
2025-04-19T08:18:00.000000+0000,11,304.10779495936123,-50.725612154787,35.91629108794517,1.0,17.613500241704696,0
2025-04-19T08:19:00.000000+0000,11,283.1540487253463,-32.63536510377418,33.937473524556175,1.0,17.5653300764445,0
2025-04-19T08:20:00.000000+0000,11,281.3213407806307,-33.90064387420358,31.4422259510382,1.0,17.521542032966238,0
2025-04-19T08:21:00.000000+0000,11,281.91720168884945,-32.83567309825486,31.852410562760095,1.0,17.482567738741036,0
2025-04-19T08:22:00.000000+0000,11,274.87462500321027,-23.051974930595975,32.138494301732564,1.0,17.445426072074373,0
2025-04-19T08:23:00.000000+0000,11,272.4921913488124,-20.371146215395868,31.63608627567701,1.0,17.40912537566016,0
2025-04-19T08:24:00.000000+0000,11,255.11382543394706,-3.3229049065452614,32.651827772275645,1.0,17.37273444739012,0
2025-04-19T08:25:00.000000+0000,11,251.72558602585153,-7.280781200888754,33.07448641904485,1.0,17.33571331911899,0
2025-04-19T08:26:00.000000+0000,11,249.99547957774737,-11.90604759227918,31.92650208591766,1.0,17.298676729483137,0
2025-04-19T08:27:00.000000+0000,11,250.3252120836037,-8.16573079175231,31.688365894067186,1.0,17.262818956373895,0
2025-04-19T08:28:00.000000+0000,11,247.18943065611026,-6.540825368753815,33.7263259023129,1.0,17.230785623040557,0
2025-04-19T08:29:00.000000+0000,11,246.1466336779834,-6.67515798420456,33.38525235737424,1.0,17.20183845812112,0
2025-04-19T08:30:00.000000+0000,11,246.37631712765378,-7.800517181723478,35.00757020813819,1.0,17.172489000239555,0
2025-04-19T08:31:00.000000+0000,11,246.7292776198748,-7.558088733065091,35.19120746018179,1.0,17.143606749610885,0
2025-04-19T08:32:00.000000+0000,11,245.95473084779826,-8.084627528419958,34.08141621439054,1.0,17.113508850451222,0
2025-04-19T08:33:00.000000+0000,11,242.5273927518689,-10.85479005270534,33.34330269827703,1.0,17.08273973280416,0
2025-04-19T08:34:00.000000+0000,11,239.8134753264517,-10.7052082951204,34.16802137675123,1.0,17.049080879515795,0
2025-04-19T08:35:00.000000+0000,11,237.46469838758563,-9.955998518841454,34.539828724690906,1.0,17.01305030686526,0
2025-04-19T08:36:00.000000+0000,11,236.21783562555655,-12.863692965038098,33.666528863112646,1.0,16.975691973531926,0
2025-04-19T08:37:00.000000+0000,11,236.23931223023018,-15.58333784238414,33.6501367341175,1.0,16.937609941613655,0
2025-04-19T08:38:00.000000+0000,11,235.4361086412271,-16.68493649218945,34.25313871110942,1.0,16.898148266522387,0
2025-04-19T08:39:00.000000+0000,11,234.15659326126539,-17.634327266136353,33.05433599002099,1.0,16.85975692762799,0
2025-04-19T08:40:00.000000+0000,11,231.96148676530973,-12.483318059653044,32.26589746744176,1.0,16.822072869656974,0
2025-04-19T08:41:00.000000+0000,11,229.13461729429747,-8.954814691170753,31.012581999840585,1.0,16.784246323337356,0
2025-04-19T08:42:00.000000+0000,11,229.24271368839135,-12.916767603460016,31.43310331000821,1.0,16.744047479569733,0
2025-04-19T08:43:00.000000+0000,11,230.42169153510065,-10.226913752255768,29.30723757994959,1.0,16.70520815511214,0
2025-04-19T08:44:00.000000+0000,11,230.11296981930658,-9.358505874472257,30.274970588426314,1.0,16.667981286590933,0
2025-04-19T08:45:00.000000+0000,11,231.1537234431611,-7.422076502769187,32.11805371009133,1.0,16.635346101405748,0
2025-04-19T08:46:00.000000+0000,11,230.31736059726256,-8.853828289547096,32.62060911682334,1.0,16.6052724527571,0
2025-04-19T08:47:00.000000+0000,11,227.5900477253422,-10.2800555940361,31.455989588203813,1.0,16.574312517170725,0
2025-04-19T08:48:00.000000+0000,11,224.84518525959467,-6.827417439568848,31.67563268584691,1.0,16.54349421268776,0
2025-04-19T08:49:00.000000+0000,11,225.98013169963346,-3.128135331697848,31.82542802749739,1.0,16.512675849717926,0
2025-04-19T08:50:00.000000+0000,11,225.46519941701587,-2.0435004517282493,32.17798888315868,1.0,16.48441251143037,0
2025-04-19T08:51:00.000000+0000,11,222.86542979445437,-0.48871286606407693,31.83961029790823,1.0,16.460250857335602,0
2025-04-19T08:52:00.000000+0000,11,220.141677451055,-0.5142969367910268,30.27443512513973,1.0,16.44131668297619,0
2025-04-19T08:53:00.000000+0000,11,219.01294205126882,0.2617699022312081,29.06909418708364,1.0,16.424075897509177,0
2025-04-19T08:54:00.000000+0000,11,217.87973428435055,1.357468289221572,29.186666667622248,1.0,16.4095943208168,0
2025-04-19T08:55:00.000000+0000,11,221.622059713977,2.1438910083203098,32.21244746883162,1.0,16.39796422461891,0
2025-04-19T08:56:00.000000+0000,11,227.49625081066046,7.316448207533739,35.6267806418221,1.0,16.385827422653993,0
2025-04-19T08:57:00.000000+0000,11,226.30727740298806,9.98133131805676,34.52966999828487,1.0,16.374522457389862,0
2025-04-19T08:58:00.000000+0000,11,228.92987752546964,8.735099742624783,35.034154982105605,1.0,16.363168687448443,0
2025-04-19T08:59:00.000000+0000,11,230.14484737421313,9.3903834293788,34.10003556660329,1.0,16.35497926706408,0
2025-04-19T09:00:00.000000+0000,11,230.8224435064907,7.09079656609876,32.26224186409677,1.0,16.351435677128237,0
2025-04-19T09:01:00.000000+0000,11,231.91097016191597,10.447437854200501,32.85682719280286,1.0,16.353586396857278,0
2025-04-19T09:02:00.000000+0000,11,233.13253907507777,15.822546943771698,36.53344672142239,1.0,16.361127837003767,0
2025-04-19T09:03:00.000000+0000,11,239.12577836063852,21.108010540612696,37.54177573830834,1.0,16.370740320928565,0
2025-04-19T09:04:00.000000+0000,11,243.78142102320996,20.92942465527429,36.459816676452895,1.0,16.381770313836125,0
2025-04-19T09:05:00.000000+0000,11,247.89205830520777,24.47035933992018,36.28195822700991,1.0,16.393588910840144,0
2025-04-19T09:06:00.000000+0000,11,250.66600963852622,28.289292710135925,36.6236804361813,1.0,16.40829850679974,0
2025-04-19T09:07:00.000000+0000,11,251.41816619181762,31.7907856775536,36.02871628828199,1.0,16.424179506698508,0
2025-04-19T09:08:00.000000+0000,11,253.77398174697194,34.49926979347194,36.89726873913466,1.0,16.437681143034855,0
2025-04-19T09:09:00.000000+0000,11,255.89199594674622,36.6547933731741,36.73682214618201,1.0,16.450562326668344,0
2025-04-19T09:10:00.000000+0000,11,256.1195871134984,32.35363639120112,33.76259690052819,1.0,16.464333739192913,0
2025-04-19T09:11:00.000000+0000,11,259.9457349660715,25.13303594787726,35.66494904483863,1.0,16.47657644287896,0
2025-04-19T09:12:00.000000+0000,11,266.94913621220223,30.66052749115738,40.440141469630866,1.0,16.487258261390913,0
2025-04-19T09:13:00.000000+0000,11,268.37430200576165,30.709324737667316,39.962825896315294,1.0,16.494356770152518,0
2025-04-19T09:14:00.000000+0000,11,267.67098941088346,28.135758607291564,40.124070699798985,1.0,16.502075299469258,0
2025-04-19T09:15:00.000000+0000,11,272.90300104331703,34.98976097072756,42.03739017758929,1.0,16.509562604947185,0
2025-04-19T09:16:00.000000+0000,11,276.2632071306585,33.904799114542016,42.25773156657804,1.0,16.51644102341347,0
2025-04-19T09:17:00.000000+0000,11,277.1870999234427,28.232013904593316,39.37117937802585,1.0,16.52466437366728,0
2025-04-19T09:18:00.000000+0000,11,281.44302809881617,21.209239197564955,42.461704639693444,1.0,16.53299770700061,0
2025-04-19T09:19:00.000000+0000,11,279.4647816468973,14.753935968413089,41.53113690055428,1.0,16.540186173948573,0
2025-04-19T09:20:00.000000+0000,11,280.76887427967364,8.406456634545691,42.812351052120185,1.0,16.54610990476967,0
2025-04-19T09:21:00.000000+0000,11,281.26406615281957,2.308763804157593,43.22402115521297,1.0,16.55085497463332,0
2025-04-19T09:22:00.000000+0000,11,282.1094899464,-1.099461922971102,43.62921627193659,1.0,16.558933422665042,0
2025-04-19T09:23:00.000000+0000,11,284.0232138744555,-4.25003766598843,42.32648446406192,1.0,16.570887719537254,0
2025-04-19T09:24:00.000000+0000,11,286.5749715017443,-5.971817818176021,43.37502383775942,1.0,16.586893557104347,0
2025-04-19T09:25:00.000000+0000,11,284.7536044867277,-3.7196190179719224,44.6684649152005,1.0,16.60794818466614,0
2025-04-19T09:26:00.000000+0000,11,280.27352738688967,-4.805243527058963,39.91302470200181,1.0,16.631002903393938,0
2025-04-19T09:27:00.000000+0000,11,281.27221088407987,-16.337452819279747,38.8287781865429,1.0,16.654935676503182,0
2025-04-19T09:28:00.000000+0000,11,278.8849027297198,-20.198724013709125,40.27569219317119,1.0,16.676228049384537,0
2025-04-19T09:29:00.000000+0000,11,276.835563980671,-18.971184037504088,39.404369150248435,1.0,16.694333809114188,0
2025-04-19T09:30:00.000000+0000,11,276.0052836636106,-31.88747835043398,35.65568251466094,1.0,16.713826746967296,0
2025-04-19T09:31:00.000000+0000,11,273.8553185314702,-36.312687713730355,33.56857894339638,1.0,16.73568238878987,0
2025-04-19T09:32:00.000000+0000,11,271.7249105013896,-33.694203326646374,33.615436525091894,1.0,16.758243847271565,0
2025-04-19T09:33:00.000000+0000,11,266.26686937410346,-36.38539792227769,29.5601216148058,1.0,16.78176187064253,0
2025-04-19T09:34:00.000000+0000,11,264.6261746749034,-29.592542940406958,30.686603913382843,1.0,16.803849246851097,0
2025-04-19T09:35:00.000000+0000,11,263.7697256105154,-25.405605303703965,32.08144650597543,1.0,16.82763552629999,0
2025-04-19T09:36:00.000000+0000,11,263.2838274906708,-20.289002466306385,31.612370451514305,1.0,16.849657935263576,0
2025-04-19T09:37:00.000000+0000,11,263.68045976570954,-17.329568257719245,32.28694353306708,1.0,16.870442353362495,0
2025-04-19T09:38:00.000000+0000,11,262.54237572285894,-17.230800485608228,35.300943533067084,1.0,16.88950547988395,0
2025-04-19T09:39:00.000000+0000,11,260.92493175373613,-19.678221929832148,35.02287919262504,1.0,16.90738537296799,0
2025-04-19T09:40:00.000000+0000,11,263.7292116920388,-17.304773776716985,34.92797010171595,1.0,16.92357032579359,0
2025-04-19T09:41:00.000000+0000,11,262.929024580723,-12.539259279107654,36.3149493530886,1.0,16.94022050898786,0
2025-04-19T09:42:00.000000+0000,11,259.0062538020221,-5.928504262777977,38.542134257201,1.0,16.960257063193193,0
2025-04-19T09:43:00.000000+0000,11,262.0497952505484,3.363616534537755,37.00015027985372,1.0,16.980990946135375,0
2025-04-19T09:44:00.000000+0000,11,263.36547764953747,5.501097706370615,38.2719742481802,1.0,17.00070386010128,0
2025-04-19T09:45:00.000000+0000,11,256.9791568127042,12.861351499527586,39.359145981659864,1.0,17.01613339556895,0
2025-04-19T09:46:00.000000+0000,11,258.09343300392095,20.550802186181215,41.121837124850465,1.0,17.026359626774752,0
2025-04-19T09:47:00.000000+0000,11,257.90947993019375,19.878772755450598,40.632993011168416,1.0,17.034159482712628,0
2025-04-19T09:48:00.000000+0000,11,253.55326564269532,23.671794190869576,40.41632782691803,1.0,17.03615447504477,0
2025-04-19T09:49:00.000000+0000,11,255.46089321396397,20.427261479467575,42.128227305294196,1.0,17.03314295954485,0
2025-04-19T09:50:00.000000+0000,11,254.90065763533894,16.53653732852743,39.925515733186515,1.0,17.02548091622659,0
2025-04-19T09:51:00.000000+0000,11,255.5313130505526,12.536488026188266,39.78888316162429,1.0,17.013199137964953,0
2025-04-19T09:52:00.000000+0000,11,257.45585175724426,11.104960249253963,40.309524125285556,1.0,16.99682370614785,0
2025-04-19T09:53:00.000000+0000,11,256.50034229340383,11.18876705615304,38.044829824767426,1.0,16.978621967179116,0
2025-04-19T09:54:00.000000+0000,11,252.76959743173867,11.52288760783469,36.80416630514913,1.0,16.959993025737674,0
2025-04-19T09:55:00.000000+0000,11,253.2706182890864,6.846180373764554,37.15692271276268,1.0,16.93785086449246,0
2025-04-19T09:56:00.000000+0000,11,255.1572860474623,4.767520745846895,37.80993301680816,1.0,16.914147521397798,0
2025-04-19T09:57:00.000000+0000,11,253.038327717082,-0.03942182216218271,32.026867029493246,1.0,16.887372453880086,0
2025-04-19T09:58:00.000000+0000,11,254.98340830085823,-10.430003484227882,31.89080675479628,1.0,16.856286930065135,0
2025-04-19T09:59:00.000000+0000,11,255.65214064853396,-13.214434707374124,30.907813268848017,1.0,16.822237499595676,0
2025-04-19T10:00:00.000000+0000,11,257.7437522206979,-12.096756091533933,30.717267385708485,1.0,16.78534723689502,0
2025-04-19T10:01:00.000000+0000,11,260.8504495627447,-17.793785627357437,29.85862841894913,1.0,16.74554328458831,0
2025-04-19T10:02:00.000000+0000,11,261.796896970044,-15.991355715600406,30.217308553629266,1.0,16.70028683190448,0
2025-04-19T10:03:00.000000+0000,11,262.67390847644737,-14.551151357117561,30.884977559334107,1.0,16.65503540599858,0
2025-04-19T10:04:00.000000+0000,11,261.7488239583448,-14.13933073508673,29.955776000599545,1.0,16.610965703918758,0
2025-04-19T10:05:00.000000+0000,11,260.8722786291908,-10.564916334675502,32.658731903772996,1.0,16.56799307658067,0
2025-04-19T10:06:00.000000+0000,11,260.98615340686837,-7.0816476698724955,39.057107196463015,1.0,16.52386264179806,0
2025-04-19T10:07:00.000000+0000,11,259.9521626987146,-8.60864930778368,38.94499288682078,1.0,16.480087186316723,0
2025-04-19T10:08:00.000000+0000,11,259.3145120439424,-8.374597305614515,40.44035385400558,1.0,16.438906647831,0
2025-04-19T10:09:00.000000+0000,11,258.6144363963546,-5.678048643218801,40.31629480194652,1.0,16.400597313760176,0
2025-04-19T10:10:00.000000+0000,11,254.704317255385,-5.412481407465918,39.20893906773365,1.0,16.3623002123109,0
2025-04-19T10:11:00.000000+0000,11,249.79115639666304,-10.133650396646175,36.28167094259617,1.0,16.328374586083452,0
2025-04-19T10:12:00.000000+0000,11,244.29259269679898,-8.706313198120824,36.292537028890834,1.0,16.300030467325065,0
2025-04-19T10:13:00.000000+0000,11,236.24347815520352,-8.309926661426772,35.774834699474226,1.0,16.277747247481745,0
2025-04-19T10:14:00.000000+0000,11,233.18761315165003,-9.250092789509836,35.57275251641574,1.0,16.25659724192234,0
2025-04-19T10:15:00.000000+0000,11,230.46778625254072,-15.179209876623275,34.794543170365756,1.0,16.23855670344553,0
2025-04-19T10:16:00.000000+0000,11,226.29176378703775,-16.76490014834951,33.37190861248681,1.0,16.22174450081469,0
2025-04-19T10:17:00.000000+0000,11,226.07140686983323,-19.734134384610343,32.56423372486269,1.0,16.20623927136625,0
2025-04-19T10:18:00.000000+0000,11,225.81214331849392,-22.31061380083591,32.863944631340935,1.0,16.19261559744107,0
2025-04-19T10:19:00.000000+0000,11,225.16844487161543,-22.44104835164265,34.25518659411589,1.0,16.179034795753303,0
2025-04-19T10:20:00.000000+0000,11,224.7336684383302,-25.573693856185116,33.140914485272354,1.0,16.162875194458927,0
2025-04-19T10:21:00.000000+0000,11,224.83349577373681,-29.071009963259115,27.4045012803965,1.0,16.14341207886096,0
2025-04-19T10:22:00.000000+0000,11,223.7354690480993,-27.608044342831562,27.94848042890357,1.0,16.11877575077345,0
2025-04-19T10:23:00.000000+0000,11,221.29648267005402,-29.643432068273853,25.961813762236908,1.0,16.08960626402782,0
2025-04-19T10:24:00.000000+0000,11,221.5341016459695,-31.402286107166276,25.82198773232043,1.0,16.056201869272158,0
2025-04-19T10:25:00.000000+0000,11,220.89622923293882,-28.395606614980238,26.993184592039896,1.0,16.018577399254845,0
2025-04-19T10:26:00.000000+0000,11,220.32499541513576,-19.332510584881078,29.09676248148713,1.0,15.982306870329841,0
2025-04-19T10:27:00.000000+0000,11,220.13239516591383,-15.45388433276429,30.43678941751406,1.0,15.94578573962735,0
2025-04-19T10:28:00.000000+0000,11,217.03621986731804,-10.897331626458708,30.905725719307508,1.0,15.909572599439906,0
2025-04-19T10:29:00.000000+0000,11,214.69980593366873,-9.237714428471463,30.712369567963822,1.0,15.875220435302753,0
2025-04-19T10:30:00.000000+0000,11,210.78955389108438,-4.499022484833063,32.025396467433865,1.0,15.840579066576021,0
2025-04-19T10:31:00.000000+0000,11,210.9486369810455,1.421773342357227,36.227014463758174,1.0,15.807076385232529,0
2025-04-19T10:32:00.000000+0000,11,218.08422829424433,11.746955809021443,38.20070555044137,1.0,15.774826214364221,0
2025-04-19T10:33:00.000000+0000,11,224.94541108819178,21.44388157053376,38.1606465375085,1.0,15.744787620339718,0
2025-04-19T10:34:00.000000+0000,11,234.74729229136702,32.01989577139423,38.104979444072455,1.0,15.720102933035951,0
2025-04-19T10:35:00.000000+0000,11,240.8706503970006,41.710675814855506,40.63722701448083,1.0,15.700241530813445,0
2025-04-19T10:36:00.000000+0000,11,243.93967319034468,48.17718737986698,45.941631525492326,1.0,15.686076264707,0
2025-04-19T10:37:00.000000+0000,11,251.61566301529393,55.48823831002619,48.33038408541491,1.0,15.674569530700266,0
2025-04-19T10:38:00.000000+0000,11,260.43362686899826,68.78057626721807,52.61538938053056,1.0,15.666707383283741,0
2025-04-19T10:39:00.000000+0000,11,264.95457128257476,74.8227557437715,53.87550291645753,1.0,15.660024090589697,0
2025-04-19T10:40:00.000000+0000,11,273.45977283796196,80.95915022000332,59.2276885485095,1.0,15.65282831096839,0
2025-04-19T10:41:00.000000+0000,11,275.43181764456637,74.43933281431163,65.19235521517616,1.0,15.645088007427072,0
2025-04-19T10:42:00.000000+0000,11,287.13756878255674,82.45905794940717,66.5302305829965,1.0,15.636002948828542,0
2025-04-19T10:43:00.000000+0000,11,295.2103574342565,89.07146919339715,67.83712483160502,1.0,15.625936568310058,0
2025-04-19T10:44:00.000000+0000,11,296.14144483523495,90.67935333003754,69.21035221224852,1.0,15.614882075453004,0
2025-04-19T10:45:00.000000+0000,11,297.8594457166867,91.56891431043539,71.10075914862438,1.0,15.606291891837184,0
2025-04-19T10:46:00.000000+0000,11,294.55656253424553,82.18615221084286,68.6951235028263,1.0,15.600273922524327,0
2025-04-19T10:47:00.000000+0000,11,294.558614011694,64.72742990842818,70.66772683238675,1.0,15.596230389869534,0
2025-04-19T10:48:00.000000+0000,11,295.4925920593934,49.10329940066788,74.34619841578616,1.0,15.597867327952656,0
2025-04-19T10:49:00.000000+0000,11,293.74773094828225,26.98054288552106,76.7018655092222,1.0,15.60607699434015,0
2025-04-19T10:50:00.000000+0000,11,294.27584751636283,11.694521304506793,73.079335110531,1.0,15.620388737433329,0
2025-04-19T10:51:00.000000+0000,11,295.57842536210586,3.4615647918942045,70.0206771377287,1.0,15.64080990009473,0
2025-04-19T10:52:00.000000+0000,11,295.15386185692216,-11.950039468397847,68.19890100878256,1.0,15.665303648324691,0
2025-04-19T10:53:00.000000+0000,11,295.58441029354975,-33.629792842666575,67.4398957136669,1.0,15.694798620971364,0
2025-04-19T10:54:00.000000+0000,11,290.6422487294706,-49.13507829687563,65.48286591291412,1.0,15.727266451301693,0
2025-04-19T10:55:00.000000+0000,11,283.98931095869204,-70.42961209927321,57.27232517198442,1.0,15.766083011946309,0
2025-04-19T10:56:00.000000+0000,11,275.82028486441595,-74.05086559446198,48.84232517198442,1.0,15.810145970244658,0
2025-04-19T10:57:00.000000+0000,11,270.15410507734657,-99.44252165461728,45.37856428227857,1.0,15.858729250835374,0
2025-04-19T10:58:00.000000+0000,11,265.64745544309227,-118.63437118456139,42.95559595959596,1.0,15.914810720596273,0
2025-04-19T10:59:00.000000+0000,11,267.0613331872104,-119.7594649780622,45.748976430976434,1.0,15.973863013661152,0
2025-04-19T11:00:00.000000+0000,11,264.0597598467784,-125.36860018034378,42.78630976430976,1.0,16.035642782193587,0
2025-04-19T11:01:00.000000+0000,11,256.5249405727649,-120.21777417232354,40.45305050505051,1.0,16.098296014771254,0
2025-04-19T11:02:00.000000+0000,11,242.24096627139286,-117.04507764872932,35.12238383838384,1.0,16.164248754065962,0
2025-04-19T11:03:00.000000+0000,11,232.66759234214803,-111.9282991179132,33.68571717171717,1.0,16.23141099123959,0
2025-04-19T11:04:00.000000+0000,11,220.02306130679685,-100.70521252700647,33.502383838383835,1.0,16.302165157906256,0
2025-04-19T11:05:00.000000+0000,11,206.31653000991327,-99.65383881095634,31.29972390572391,1.0,16.37463011139016,0
2025-04-19T11:06:00.000000+0000,11,196.70550023325265,-102.33448992074734,27.567723905723906,1.0,16.4491938795061,0
2025-04-19T11:07:00.000000+0000,11,181.95336079495922,-101.25046159356505,24.275723905723908,1.0,16.52651584495895,0
2025-04-19T11:08:00.000000+0000,11,166.08909165947202,-95.86552579141117,19.633057239057248,1.0,16.606401609433373,0
2025-04-19T11:09:00.000000+0000,11,155.22564592810568,-86.28152450448927,19.293057239057248,1.0,16.684340089002365,0
2025-04-19T11:10:00.000000+0000,11,146.1642156970732,-67.39548316234568,26.12105723905726,1.0,16.763762190451637,0
2025-04-19T11:11:00.000000+0000,11,141.55593701345185,-60.21348225650212,27.374390572390592,1.0,16.840009958931415,0
2025-04-19T11:12:00.000000+0000,11,128.79999131206174,-41.911592110667556,30.414390572390587,1.0,16.911774544011045,0
2025-04-19T11:13:00.000000+0000,11,116.60024172996253,-30.412842528568362,30.444390572390592,1.0,16.978764585232707,0
2025-04-19T11:14:00.000000+0000,11,110.82871703860451,-36.47315117054367,25.445057239057256,1.0,17.04472317109129,0
2025-04-19T11:15:00.000000+0000,11,108.92804251559666,-29.763117150837942,29.07239057239058,1.0,17.106913348235288,0
2025-04-19T11:16:00.000000+0000,11,112.00791190106128,-24.29925449938007,34.613898989899,1.0,17.168580014901956,0
2025-04-19T11:17:00.000000+0000,11,109.31192031856969,-15.883968304093884,37.86589898989901,1.0,17.22941225581055,0
2025-04-19T11:18:00.000000+0000,11,108.66367031856969,-12.075622905665114,39.163232323232336,1.0,17.288469263069068,0
2025-04-19T11:19:00.000000+0000,11,107.3042814296808,-12.013567350109582,35.95523232323233,1.0,17.346585929735735,0
2025-04-19T11:20:00.000000+0000,11,104.51296217910695,-2.1497290198499712,37.76150841750843,1.0,17.40448484368728,0
2025-04-19T11:21:00.000000+0000,11,102.80028840254779,8.429278090042516,47.3881750841751,1.0,17.46227011631235,0
2025-04-19T11:22:00.000000+0000,11,96.39501062477001,15.692111423375849,47.4181750841751,1.0,17.52035021859036,0
2025-04-19T11:23:00.000000+0000,11,91.05598284699224,20.832416978931406,47.27150841750842,1.0,17.578466885257026,0
2025-04-19T11:24:00.000000+0000,11,94.90856618032558,25.96444475670917,53.70017508417508,1.0,17.63598137071564,0
2025-04-19T11:25:00.000000+0000,11,98.22220506921447,19.45347253448695,50.79884175084175,1.0,17.691959246204195,0
2025-04-19T11:26:00.000000+0000,11,100.24101062477003,18.898555867820292,52.248175084175074,1.0,17.74376303492614,0
2025-04-19T11:27:00.000000+0000,11,101.55798284699225,14.669583645598053,49.86817508417507,1.0,17.793617498961964,0
2025-04-19T11:28:00.000000+0000,11,106.2860384025478,20.098639201153617,52.36417508417508,1.0,17.842016285188475,0
2025-04-19T11:29:00.000000+0000,11,104.63542729143667,30.279861423375863,54.08950841750841,1.0,17.889376323599564,0
2025-04-19T11:30:00.000000+0000,11,105.2456979502865,26.080772585527782,50.00847659171277,1.0,17.936701568484864,0
2025-04-19T11:31:00.000000+0000,11,109.23500922890179,21.526351827220594,46.49505862646567,1.0,17.981683395470707,0
2025-04-19T11:32:00.000000+0000,11,113.93653700667956,20.50858499220375,46.470391959798995,1.0,18.02538111812809,0
2025-04-19T11:33:00.000000+0000,11,114.89739026144949,18.30934284854493,44.09639195979899,1.0,18.06719580642869,0
2025-04-19T11:34:00.000000+0000,11,116.39900807272811,21.10829399315689,44.54905862646566,1.0,18.107146355021314,0
2025-04-19T11:35:00.000000+0000,11,120.04769443480488,17.68446127554789,43.373476134883155,1.0,18.143026613185956,0
2025-04-19T11:36:00.000000+0000,11,121.62419824205462,10.394631749464295,34.268633495289244,1.0,18.174911450803013,0
2025-04-19T11:37:00.000000+0000,11,128.54312652637293,16.456004478227015,37.91263349528924,1.0,18.204911450803014,0
2025-04-19T11:38:00.000000+0000,11,128.53695985970623,16.648560033782587,37.983966828622584,1.0,18.23421936901157,0
2025-04-19T11:39:00.000000+0000,11,128.3731543041507,7.500143367115953,31.55596682862258,1.0,18.262601760804714,0
2025-04-19T11:40:00.000000+0000,11,122.65734874859513,4.981671144893724,27.506633495289243,1.0,18.292054978904776,0
2025-04-19T11:41:00.000000+0000,11,120.57709874859513,1.437532256004829,24.55396682862258,1.0,18.32194664557144,0
2025-04-19T11:42:00.000000+0000,11,117.11748763748402,0.8899211448937336,23.782633495289254,1.0,18.35184399373226,0
2025-04-19T11:43:00.000000+0000,11,116.87712652637292,-9.507551077328515,21.20663349528925,1.0,18.381403315766157,0
2025-04-19T11:44:00.000000+0000,11,116.65432097081735,-18.260967743995153,19.295300161955918,1.0,18.412774814560446,0
2025-04-19T11:45:00.000000+0000,11,112.61455104938076,-18.711919486433487,18.71099865441823,1.0,18.442906759004888,0
2025-04-19T11:46:00.000000+0000,11,107.32551836425286,-23.435842691869524,16.452908202156923,1.0,18.47318881242726,0
2025-04-19T11:47:00.000000+0000,11,103.75364883563331,-30.69147316324998,13.198908202156925,1.0,18.50652214576059,0
2025-04-19T11:48:00.000000+0000,11,97.82487105785555,-35.38186205213888,10.116908202156925,1.0,18.542184645760592,0
2025-04-19T11:49:00.000000+0000,11,93.89889883563333,-43.608403230251675,6.665574868823596,1.0,18.576608256871705,0
2025-04-19T11:50:00.000000+0000,11,90.74075994674443,-46.99139576360834,6.406490693739424,1.0,18.61067702721108,0
2025-04-19T11:51:00.000000+0000,11,86.2746766134111,-45.74415337810783,7.1533333333333395,1.0,18.645945429114242,0
2025-04-19T11:52:00.000000+0000,11,88.61375994674444,-56.385371057855544,6.5700000000000065,1.0,18.682648206892022,0
2025-04-19T11:53:00.000000+0000,11,91.5894266134111,-53.596093280077774,10.246666666666671,1.0,18.719098206892017,0
2025-04-19T11:54:00.000000+0000,11,87.66337105785553,-48.20992661341108,10.406000000000006,1.0,18.755187095780908,0
2025-04-19T11:55:00.000000+0000,11,84.52806550229998,-43.11095439118887,11.354000000000005,1.0,18.789625984669797,0
2025-04-19T11:56:00.000000+0000,11,83.64606550229998,-38.36856550229997,12.861333333333336,1.0,18.824656540225355,0
2025-04-19T11:57:00.000000+0000,11,84.14095439118887,-33.86645439118887,16.615333333333332,1.0,18.86039820689202,0
2025-04-19T11:58:00.000000+0000,11,80.17887105785553,-27.190704391188866,17.730000000000004,1.0,18.894056540225353,0
2025-04-19T11:59:00.000000+0000,11,77.02534328007776,-21.368009946744436,18.899333333333335,1.0,18.926598206892024,0
2025-04-19T12:00:00.000000+0000,11,80.51189492720226,-13.390736635744986,21.92296817420436,1.0,18.956815054264833,0
2025-04-19T12:01:00.000000+0000,11,81.09688920414253,-2.7927864682407915,27.732301507537688,1.0,18.98681505426483,0
2025-04-19T12:02:00.000000+0000,11,81.76363920414254,8.701463531759202,32.12496817420436,1.0,19.016227554264834,0
2025-04-19T12:03:00.000000+0000,11,79.29166698192032,16.84865797620364,33.67096817420436,1.0,19.045405350592045,0
2025-04-19T12:04:00.000000+0000,11,74.53643805953058,24.24594245414893,34.98763484087103,1.0,19.071317850592045,0
2025-04-19T12:05:00.000000+0000,11,71.2661223484078,27.516758165271696,34.91896817420436,1.0,19.096570809226804,0
2025-04-19T12:06:00.000000+0000,11,71.65272965226917,31.12220641696588,36.70763484087103,1.0,19.121137475893473,0
2025-04-19T12:07:00.000000+0000,11,71.45674581239533,39.2283569235064,38.08030150753769,1.0,19.14345136478236,0
2025-04-19T12:08:00.000000+0000,11,75.46860692350643,37.475273590173074,37.304301507537694,1.0,19.163131920337914,0
2025-04-19T12:09:00.000000+0000,11,78.27885692350642,38.82541247906198,39.48563484087103,1.0,19.182361087004583,0
2025-04-19T12:10:00.000000+0000,11,80.16716247906197,38.75005136795086,39.8843015075377,1.0,19.19956942033792,0
2025-04-19T12:11:00.000000+0000,11,85.91299581239531,40.635495812395305,44.04096817420437,1.0,19.216452753671252,0
2025-04-19T12:12:00.000000+0000,11,87.46705136795087,37.192551367950855,41.63696817420437,1.0,19.232902753671247,0
2025-04-19T12:13:00.000000+0000,11,92.71099581239532,39.722829145728625,45.391634840871035,1.0,19.248630531449027,0
2025-04-19T12:14:00.000000+0000,11,92.95341247906198,37.296079145728655,44.29163484087103,1.0,19.262697198115692,0
2025-04-19T12:15:00.000000+0000,11,93.69349581239531,26.572337520938035,41.978666666666676,1.0,19.276589796891432,0
2025-04-19T12:16:00.000000+0000,11,94.14544025683976,15.841337520938026,36.21133333333334,1.0,19.289923130224768,0
2025-04-19T12:17:00.000000+0000,11,94.13607914572864,3.670976409826906,31.772666666666677,1.0,19.303039435177464,0
2025-04-19T12:18:00.000000+0000,11,94.89402359017309,-1.2463013679508776,30.86400000000001,1.0,19.315939435177466,0
2025-04-19T12:19:00.000000+0000,11,95.06221803461753,-3.720162479061969,29.592666666666666,1.0,19.329344990733023,0
2025-04-19T12:20:00.000000+0000,11,94.1831347012842,-4.599745812395298,29.11,1.0,19.342750546288578,0
2025-04-19T12:21:00.000000+0000,11,92.08652359017309,-10.688412479061967,25.331333333333337,1.0,19.356589435177465,0
2025-04-19T12:22:00.000000+0000,11,89.17346803461753,-21.511634701284194,20.785333333333334,1.0,19.372575546288576,0
2025-04-19T12:23:00.000000+0000,11,86.62844025683975,-26.31544025683975,17.92400000000001,1.0,19.389386657399687,0
2025-04-19T12:24:00.000000+0000,11,86.43396803461752,-30.67030136795085,15.746000000000006,1.0,19.406400546288577,0
2025-04-19T12:25:00.000000+0000,11,85.59346803461753,-33.32374581239531,14.400000000000006,1.0,19.42499499073302,0
2025-04-19T12:26:00.000000+0000,11,83.76519025683976,-42.78330136795087,8.725333333333335,1.0,19.44495610184413,0
2025-04-19T12:27:00.000000+0000,11,81.4124958123953,-43.24710692350642,7.416000000000007,1.0,19.465389435177464,0
2025-04-19T12:28:00.000000+0000,11,80.10244025683976,-52.33138470128419,2.504666666666668,1.0,19.48795308292371,0
2025-04-19T12:29:00.000000+0000,11,78.83824581239531,-51.41124581239531,2.4586666666666646,1.0,19.51215169403482,0
2025-04-19T12:30:00.000000+0000,11,73.3236000837521,-46.94223324958124,1.7886666666666637,1.0,19.534974880023142,0
2025-04-19T12:31:00.000000+0000,11,67.96743341708542,-42.019344360692344,1.8833333333333238,1.0,19.556930676520224,0
2025-04-19T12:32:00.000000+0000,11,62.8267111948632,-34.98034436069234,2.589999999999992,1.0,19.579030676520226,0
2025-04-19T12:33:00.000000+0000,11,60.39446119486321,-33.25326102735902,2.045333333333326,1.0,19.602533454298,0
2025-04-19T12:34:00.000000+0000,11,59.46412786152987,-31.877927694025676,2.0719999999999934,1.0,19.627352958977827,0
2025-04-19T12:35:00.000000+0000,11,58.92879452819655,-30.654594360692357,2.1586666666666643,1.0,19.654808647140865,0
2025-04-19T12:36:00.000000+0000,11,55.202155639307655,-26.195955471803465,2.218666666666659,1.0,19.685433333333332,0
2025-04-19T12:37:00.000000+0000,11,48.699627861529876,-18.96220547180346,2.264666666666657,1.0,19.717683333333337,0
2025-04-19T12:38:00.000000+0000,11,45.17357230597432,-15.139427694025681,2.5833333333333184,1.0,19.750944444444446,0
2025-04-19T12:39:00.000000+0000,11,42.85673897264099,-12.906927694025686,2.4993333333333188,1.0,19.78445833333333,0
2025-04-19T12:40:00.000000+0000,11,41.276627861529875,-10.993094360692353,2.6753333333333122,1.0,19.818802777777776,0
2025-04-19T12:41:00.000000+0000,11,35.67871119486321,-5.303177694025685,2.6866666666666466,1.0,19.855,0
2025-04-19T12:42:00.000000+0000,11,34.82207230597432,-3.343316582914568,2.934666666666641,1.0,19.891233333333332,0
2025-04-19T12:43:00.000000+0000,11,30.03365563930765,2.262600083752094,3.0086666666666457,1.0,19.9279,0
2025-04-19T12:44:00.000000+0000,11,30.150350083752095,2.723350083752095,3.0646666666666476,1.0,19.96276111111111,0
2025-04-19T12:45:00.000000+0000,11,30.871238972640985,4.48987213847013,3.676666666666648,1.0,19.996391666666668,0
2025-04-19T12:46:00.000000+0000,11,31.114072305974318,5.165983249581245,3.807999999999987,1.0,20.029508333333336,0
2025-04-19T12:47:00.000000+0000,11,31.773600083752097,3.9272332495812385,3.327999999999984,1.0,20.060458333333333,0
2025-04-19T12:48:00.000000+0000,11,31.474766750418766,4.333566582914564,3.3266666666666556,1.0,20.09005416666667,0
2025-04-19T12:49:00.000000+0000,11,32.187516750418766,4.6013165829145635,3.667333333333325,1.0,20.120843055555554,0
2025-04-19T12:50:00.000000+0000,11,37.180572305974316,8.906372138470132,11.299999999999988,1.0,20.151970833333337,0
2025-04-19T12:51:00.000000+0000,11,44.57719556113903,15.570995393634846,17.17599999999999,1.0,20.18190151630989,0
2025-04-19T12:52:00.000000+0000,11,52.20283445002792,22.465412060301503,22.91333333333332,1.0,20.21110707186544,0
2025-04-19T12:53:00.000000+0000,11,60.155366849680505,30.121222237731857,27.829999999999988,1.0,20.239356691602044,0
2025-04-19T12:54:00.000000+0000,11,60.72881129412495,30.779000015509652,29.075999999999997,1.0,20.266595580490932,0
2025-04-19T12:55:00.000000+0000,11,64.3026168496805,34.019083348843,32.17733333333333,1.0,20.292137247157598,0
2025-04-19T12:56:00.000000+0000,11,66.05300629691668,35.67747279607917,32.56733333333334,1.0,20.317238685856516,0
2025-04-19T12:57:00.000000+0000,11,70.89314811712886,39.4143923940691,34.64533333333334,1.0,20.340088685856514,0
2025-04-19T12:58:00.000000+0000,11,73.86642589490663,41.57017017184688,35.975333333333325,1.0,20.362472019189845,0
2025-04-19T12:59:00.000000+0000,11,76.66694924961507,43.793249082110904,37.321845896147394,1.0,20.385773354749112,0
2025-04-19T13:00:00.000000+0000,11,80.15608857277408,44.79497746166298,38.53251256281407,1.0,20.410556145058216,0
2025-04-19T13:01:00.000000+0000,11,84.4061996838852,48.12614412832963,41.446512562814064,1.0,20.435231145058218,0
2025-04-19T13:02:00.000000+0000,11,88.54153301721854,52.84069968388519,43.546512562814065,1.0,20.46001447839155,0
2025-04-19T13:03:00.000000+0000,11,92.31572746166297,56.507394128329665,45.66317922948073,1.0,20.484581145058215,0
2025-04-19T13:04:00.000000+0000,11,95.4493385727741,58.66050523944075,46.01051256281406,1.0,20.50685197839155,0
2025-04-19T13:05:00.000000+0000,11,98.15083857277409,52.06389412832965,38.88784589614738,1.0,20.526924200613777,0
2025-04-19T13:06:00.000000+0000,11,102.5237014985139,42.375510543740035,35.53051256281405,1.0,20.546924200613773,0
2025-04-19T13:07:00.000000+0000,11,107.02367372073611,32.35542721040669,32.09851256281406,1.0,20.566707533947106,0
2025-04-19T13:08:00.000000+0000,11,110.32566698672939,20.049077899317,28.685125357426852,1.0,20.58612891217007,0
2025-04-19T13:09:00.000000+0000,11,116.84637181276754,25.33856050313294,32.783792024093515,1.0,20.60583954099589,0
2025-04-19T13:10:00.000000+0000,11,120.69245234026474,22.370752141741264,31.03045869076018,1.0,20.625767198202347,0
2025-04-19T13:11:00.000000+0000,11,125.21840941097182,23.487930317975923,32.714344212645706,1.0,20.646635311724882,0
2025-04-19T13:12:00.000000+0000,11,132.2585514378162,21.95101092661824,35.41501087931237,1.0,20.66787695052087,0
2025-04-19T13:13:00.000000+0000,11,135.184829215594,19.748233148840455,35.279010879312374,1.0,20.68995195052087,0
2025-04-19T13:14:00.000000+0000,11,137.86471810448288,17.404519772756913,36.18983164983164,1.0,20.712351950520873,0
2025-04-19T13:15:00.000000+0000,11,140.53569032670512,15.584624292268046,36.44783164983164,1.0,20.73637695052087,0
2025-04-19T13:16:00.000000+0000,11,143.2656625489273,10.733318736712505,35.16583164983164,1.0,20.75975195052087,0
2025-04-19T13:17:00.000000+0000,11,145.2061903267051,3.8239576256013947,34.35983164983164,1.0,20.782889450520873,0
2025-04-19T13:18:00.000000+0000,11,151.5428598278389,2.719738237846258,38.2544983164983,1.0,20.803867711390435,0
2025-04-19T13:19:00.000000+0000,11,153.76394663956307,-0.345897172651803,38.357191919191905,1.0,20.823795489168212,0
2025-04-19T13:20:00.000000+0000,11,151.20277155538798,0.9880388542842411,39.28585858585857,1.0,20.842881600279323,0
2025-04-19T13:21:00.000000+0000,11,145.98613230695724,1.0869202647033944,38.6851919191919,1.0,20.85954911094525,0
2025-04-19T13:22:00.000000+0000,11,142.34626156435536,2.9671606332125577,38.526997614334284,1.0,20.87385200919379,0
2025-04-19T13:23:00.000000+0000,11,135.90562265995683,5.530877773910447,37.410384819721486,1.0,20.887257564749348,0
2025-04-19T13:24:00.000000+0000,11,137.95996664865385,-4.224965667246664,33.31438481972149,1.0,20.900626737681673,0
2025-04-19T13:25:00.000000+0000,11,142.8271340000138,-0.2360704819921864,40.25493981126125,1.0,20.913642882209665,0
2025-04-19T13:26:00.000000+0000,11,143.91307788611093,-4.793261842836785,39.56905428937573,1.0,20.926651215542996,0
2025-04-19T13:27:00.000000+0000,11,143.0749865709493,-11.134575793485197,40.777054289375734,1.0,20.939551215543,0
2025-04-19T13:28:00.000000+0000,11,148.62289762594366,-6.310164738490755,45.703054289375736,1.0,20.95006770135268,0
2025-04-19T13:29:00.000000+0000,11,151.57399576394002,-3.695242113299713,48.175054289375744,1.0,20.95702748849792,0
2025-04-19T13:30:00.000000+0000,11,150.7404907233048,-5.37982389566838,47.650618778487974,1.0,20.9626293789622,0
2025-04-19T13:31:00.000000+0000,11,147.69374072330478,-6.30524056233503,47.18128544515464,1.0,20.96664882340664,0
2025-04-19T13:32:00.000000+0000,11,143.14215738997146,-5.887990562335062,45.772618778487974,1.0,20.970668267851085,0
2025-04-19T13:33:00.000000+0000,11,139.54110183441588,-14.72149623126927,39.750618778487976,1.0,20.975594656739975,0
2025-04-19T13:34:00.000000+0000,11,136.47768516774923,-16.940364299162056,38.89392517579438,1.0,20.980847434517752,0
2025-04-19T13:35:00.000000+0000,11,133.5074351677492,-18.683375241922974,37.31659184246105,1.0,20.984609934517756,0
2025-04-19T13:36:00.000000+0000,11,128.96026668645385,-18.112785885206748,35.36259184246105,1.0,20.988809934517754,0
2025-04-19T13:37:00.000000+0000,11,125.20593335312053,-20.107488844447403,33.95478614731867,1.0,20.993226601184418,0
2025-04-19T13:38:00.000000+0000,11,123.55567208042709,-17.880828353440165,33.28745281398535,1.0,20.997147924509413,0
2025-04-19T13:39:00.000000+0000,11,118.13304612094393,-15.601954860463266,32.91278614731868,1.0,21.003784035620523,0
2025-04-19T13:40:00.000000+0000,11,114.07521559344674,-28.5158479245749,24.463564489112247,1.0,21.011106257842744,0
2025-04-19T13:41:00.000000+0000,11,109.41986963385078,-29.699946409423376,23.048231155778915,1.0,21.01697292450941,0
2025-04-19T13:42:00.000000+0000,11,101.76808871811748,-30.17232205934664,16.791564489112247,1.0,21.024936813398302,0
2025-04-19T13:43:00.000000+0000,11,98.38392205145081,-43.92881083600207,10.648897822445576,1.0,21.032403480064968,0
2025-04-19T13:44:00.000000+0000,11,96.97528316256192,-50.90347048807839,6.206231155778907,1.0,21.0407118133983,0
2025-04-19T13:45:00.000000+0000,11,93.1565609403397,-52.20410588729671,4.658000000000012,1.0,21.049106257842748,0
2025-04-19T13:46:00.000000+0000,11,89.57839427367303,-51.8101058872967,3.2393333333333447,1.0,21.05935209117608,0
2025-04-19T13:47:00.000000+0000,11,86.79483871811749,-50.45932810951894,3.1326666666666747,1.0,21.07084375784275,0
2025-04-19T13:48:00.000000+0000,11,79.93058588365037,-44.88901971949626,3.0773333333333444,1.0,21.08222709117608,0
2025-04-19T13:49:00.000000+0000,11,76.92711018303731,-42.61021068554988,3.069333333333342,1.0,21.09220209117608,0
2025-04-19T13:50:00.000000+0000,11,75.64714354385639,-39.17691638196985,3.2313333333333465,1.0,21.101959699871728,0
2025-04-19T13:51:00.000000+0000,11,73.48377064823349,-37.36371015301363,3.236666666666683,1.0,21.11137346133962,0
2025-04-19T13:52:00.000000+0000,11,69.66222472416872,-35.43621978450441,2.5893333333333524,1.0,21.120681794672958,0
2025-04-19T13:53:00.000000+0000,11,70.08635900669245,-35.58848472029447,5.320000000000014,1.0,21.130909952714134,0
2025-04-19T13:54:00.000000+0000,11,67.60120946243988,-34.92988179804079,4.574666666666678,1.0,21.141643286047472,0
2025-04-19T13:55:00.000000+0000,11,59.43084766663547,-26.128520002236378,4.668000000000008,1.0,21.154109952714133,0
2025-04-19T13:56:00.000000+0000,11,63.127959754854345,-16.591963469573066,9.419333333333338,1.0,21.165716847348552,0
2025-04-19T13:57:00.000000+0000,11,60.71504813869273,-10.88071852007812,11.152000000000003,1.0,21.17722934734855,0
2025-04-19T13:58:00.000000+0000,11,52.537505313737434,-1.917605901711319,11.243333333333336,1.0,21.190645291190645,0
2025-04-19T13:59:00.000000+0000,11,47.17357016944131,1.1017574949577877,10.944,1.0,21.204010622298043,0
2025-04-19T14:00:00.000000+0000,11,45.33827145364008,4.385816400597086,10.99365494137354,1.0,21.21663261375152,0
2025-04-19T14:01:00.000000+0000,11,43.992215898084524,6.2239275117082045,11.19832160804021,1.0,21.231674280418186,0
2025-04-19T14:02:00.000000+0000,11,43.71441034252897,7.378899733930417,11.354988274706878,1.0,21.24862983597374,0
2025-04-19T14:03:00.000000+0000,11,44.21138256475119,9.169816400597085,11.579654941373546,1.0,21.26630761375152,0
2025-04-19T14:04:00.000000+0000,11,44.012521453640076,9.695621956152642,11.587654941373547,1.0,21.288659002640408,0
2025-04-19T14:05:00.000000+0000,11,44.20013256475119,7.729905402864652,11.493654941373544,1.0,21.31582566930707,0
2025-04-19T14:06:00.000000+0000,11,44.33066034252897,8.210599847309105,11.60165494137354,1.0,21.34545483597374,0
2025-04-19T14:07:00.000000+0000,11,44.26204923141786,10.03604429175354,11.508988274706867,1.0,21.375671502640408,0
2025-04-19T14:08:00.000000+0000,11,43.298095015895804,8.800220729497823,9.242988274706871,1.0,21.40617790219522,0
2025-04-19T14:09:00.000000+0000,11,43.04268281600748,10.371355151608377,9.937654941373534,1.0,21.4364672733694,0
2025-04-19T14:10:00.000000+0000,11,47.195064970889625,13.892737306490538,12.64565494137354,1.0,21.466539616162944,0
2025-04-19T14:11:00.000000+0000,11,55.644327597152255,9.10833131187097,13.906988274706874,1.0,21.49567150264041,0
2025-04-19T14:12:00.000000+0000,11,58.07699735023868,8.24266773162406,13.080321608040208,1.0,21.52442986384442,0
2025-04-19T14:13:00.000000+0000,11,62.635136239127554,12.015236827101468,17.19498827470688,1.0,21.55235486384442,0
2025-04-19T14:14:00.000000+0000,11,62.80130290579423,14.525975241395145,19.406321608040212,1.0,21.57995486384442,0
2025-04-19T14:15:00.000000+0000,11,71.22960846134978,21.50552060711263,29.554666666666673,1.0,21.60592986384442,0
2025-04-19T14:16:00.000000+0000,11,77.37178298435764,27.15563957456493,35.70164309764311,1.0,21.630797768685827,0
2025-04-19T14:17:00.000000+0000,11,81.56341138080887,30.470101304349456,38.97497643097643,1.0,21.65161511818415,0
2025-04-19T14:18:00.000000+0000,11,92.03556881500566,38.6543698496574,42.35030976430976,1.0,21.67237592721155,0
2025-04-19T14:19:00.000000+0000,11,101.99184659278345,48.28370318299068,48.434309764309766,1.0,21.69060509387822,0
2025-04-19T14:20:00.000000+0000,11,102.29732164947276,50.36728368185695,48.864309764309766,1.0,21.708041204989332,0
2025-04-19T14:21:00.000000+0000,11,107.29282164947277,54.751561459634715,51.645643097643095,1.0,21.72500424987896,0
2025-04-19T14:22:00.000000+0000,11,115.44151609391723,61.14342257074584,57.38497643097644,1.0,21.74141801829709,0
2025-04-19T14:23:00.000000+0000,11,118.9669049828061,66.86858923741248,63.34764309764311,1.0,21.756313851630416,0
2025-04-19T14:24:00.000000+0000,11,124.60098831613944,71.18695034852361,70.72897643097643,1.0,21.768197456475868,0
2025-04-19T14:25:00.000000+0000,11,131.71468276058388,70.62688048320373,72.09097643097644,1.0,21.778797978614545,0
2025-04-19T14:26:00.000000+0000,11,132.06301997835004,67.3103610693268,70.2916430976431,1.0,21.787343129116216,0
2025-04-19T14:27:00.000000+0000,11,132.80640886723893,66.48674378537615,72.49430976430976,1.0,21.793622295782885,0
2025-04-19T14:28:00.000000+0000,11,134.4794850816443,59.82911201541529,69.0556430976431,1.0,21.797100254417646,0
2025-04-19T14:29:00.000000+0000,11,135.5623820665689,58.235103919379554,67.6776430976431,1.0,21.800164078383514,0
2025-04-19T14:30:00.000000+0000,11,137.278218144165,44.543089075702625,61.60364309764311,1.0,21.80256943429605,0
2025-04-19T14:31:00.000000+0000,11,144.23249279028238,39.705070231359855,59.455999999999996,1.0,21.802113256295307,0
2025-04-19T14:32:00.000000+0000,11,148.08754834583794,36.0540356606796,57.34133333333333,1.0,21.79831047851753,0
2025-04-19T14:33:00.000000+0000,11,153.8579927902824,23.168054125619335,61.74600000000001,1.0,21.791331311850865,0
2025-04-19T14:34:00.000000+0000,11,155.57243723472683,5.296887458952682,56.21200000000001,1.0,21.781152145184194,0
2025-04-19T14:35:00.000000+0000,11,155.64938167917128,2.984776347841546,55.91400000000001,1.0,21.76821881185086,0
2025-04-19T14:36:00.000000+0000,11,161.04118555122517,-1.0031975578823449,56.32933333333335,1.0,21.752094174169702,0
2025-04-19T14:37:00.000000+0000,11,167.900755429428,-8.684183235235082,56.868579124579135,1.0,21.735427507503037,0
2025-04-19T14:38:00.000000+0000,11,168.7774776516502,-17.058016568568377,50.88257912457913,1.0,21.71817285084471,0
2025-04-19T14:39:00.000000+0000,11,170.33979162471414,-25.44814703994882,43.578579124579136,1.0,21.6980588413845,0
2025-04-19T14:40:00.000000+0000,11,170.0658338325064,-32.27572941128125,40.95479681165396,1.0,21.675266560535814,0
2025-04-19T14:41:00.000000+0000,11,164.53370069271847,-34.83968035495835,38.504796811653954,1.0,21.651429374606163,0
2025-04-19T14:42:00.000000+0000,11,167.26371927045565,-32.02943338215948,37.50715107455093,1.0,21.624252776687175,0
2025-04-19T14:43:00.000000+0000,11,166.3424000579509,-27.966197039108607,38.82325837874869,1.0,21.59707620764952,0
2025-04-19T14:44:00.000000+0000,11,169.7569640310149,-24.040521954933553,39.6086253821157,1.0,21.56891255990327,0
2025-04-19T14:45:00.000000+0000,11,165.64749152820906,-16.173815691658547,36.560625382115695,1.0,21.54066304299506,0
2025-04-19T14:46:00.000000+0000,11,164.4645128525637,-19.473050169078476,34.17197218346249,1.0,21.510561895248816,0
2025-04-19T14:47:00.000000+0000,11,165.89339539887345,-18.248188607644153,35.215729759220075,1.0,21.479324214089395,0
2025-04-19T14:48:00.000000+0000,11,162.22749800582915,-14.798548910072583,31.196672166475743,1.0,21.448216583397997,0
2025-04-19T14:49:00.000000+0000,11,161.9858900198569,1.116565326177323,32.16008575817504,1.0,21.41711432089097,0
2025-04-19T14:50:00.000000+0000,11,169.2123022340813,10.578144207068476,35.487908887426755,1.0,21.3852072007492,0
2025-04-19T14:51:00.000000+0000,11,170.69661386926333,10.658625875920535,34.66257555409342,1.0,21.352885202993868,0
2025-04-19T14:52:00.000000+0000,11,167.61278053593003,8.396208341737093,32.75332976284763,1.0,21.319876869660536,0
2025-04-19T14:53:00.000000+0000,11,164.56626243752558,12.846801354443784,33.188339863857735,1.0,21.2866167345254,0
2025-04-19T14:54:00.000000+0000,11,165.25636741640196,20.364722831636612,38.175006530524406,1.0,21.253716734525394,0
2025-04-19T14:55:00.000000+0000,11,162.22311170321197,24.433007281986818,38.78236460102533,1.0,21.220528693173062,0
2025-04-19T14:56:00.000000+0000,11,158.13610824458948,28.442087906829357,37.807697934358664,1.0,21.187340045426822,0
2025-04-19T14:57:00.000000+0000,11,167.16823591013377,31.93395002183763,49.38761976573778,1.0,21.153981712093486,0
2025-04-19T14:58:00.000000+0000,11,174.54312479902268,36.16692178018042,52.130845794873366,1.0,21.118182434918065,0
2025-04-19T14:59:00.000000+0000,11,180.70162168530888,34.98517960922754,54.74082921885679,1.0,21.0815157682514,0
2025-04-19T15:00:00.000000+0000,11,185.02911864834536,35.555442811794876,57.79674841077598,1.0,21.044110986488818,0
2025-04-19T15:01:00.000000+0000,11,184.99301066889467,40.00154798540942,59.530734942762514,1.0,21.00439431982215,0
2025-04-19T15:02:00.000000+0000,11,186.95573217908307,39.31052538785377,61.81752955555712,1.0,20.962727955340515,0
2025-04-19T15:03:00.000000+0000,11,184.88352701044855,37.45457791469195,58.60725381496812,1.0,20.920919021783842,0
2025-04-19T15:04:00.000000+0000,11,189.134958073776,26.032502727741786,63.9717190111476,1.0,20.87665972530143,0
2025-04-19T15:05:00.000000+0000,11,193.4297987022833,13.639352261133496,64.96922921522922,1.0,20.82985416974588,0
2025-04-19T15:06:00.000000+0000,11,192.66723268617582,11.311992940991956,68.95079370434146,1.0,20.780945047560717,0
2025-04-19T15:07:00.000000+0000,11,188.49405169686187,12.48506281919478,66.37479370434144,1.0,20.732975603116277,0
2025-04-19T15:08:00.000000+0000,11,190.57905169686188,13.165987904892546,68.44578360333135,1.0,20.6854228253385,0
2025-04-19T15:09:00.000000+0000,11,192.1032932793535,6.482203031314896,64.07178360333134,1.0,20.63827004756072,0
2025-04-19T15:10:00.000000+0000,11,192.70553558334578,6.049416598146962,64.77687451242225,1.0,20.59156171422739,0
2025-04-19T15:11:00.000000+0000,11,195.16790609687104,8.589709945452256,68.89420784575559,1.0,20.544792269782942,0
2025-04-19T15:12:00.000000+0000,11,192.49813443271412,-6.604051499257281,56.28526508481283,1.0,20.49798115867183,0
2025-04-19T15:13:00.000000+0000,11,191.52803697855222,-19.18200960065093,52.46593175147949,1.0,20.45124226978294,0
2025-04-19T15:14:00.000000+0000,11,190.94809835445528,-24.73870294008114,51.29258132412906,1.0,20.40482859171789,0
2025-04-19T15:15:00.000000+0000,11,189.37782085726113,-31.206740602879137,48.18266213220987,1.0,20.35837859171789,0
2025-04-19T15:16:00.000000+0000,11,188.24305570574595,-36.75150294855811,47.129328798876536,1.0,20.313577534400135,0
2025-04-19T15:17:00.000000+0000,11,187.3121687809424,-38.954088785994514,45.58610994365768,1.0,20.273281560806094,0
2025-04-19T15:18:00.000000+0000,11,184.83174964888076,-37.50635527625974,46.01588098742873,1.0,20.234984338432778,0
2025-04-19T15:19:00.000000+0000,11,179.1812237964692,-35.986237005048594,43.199328798876536,1.0,20.20030553348008,0
2025-04-19T15:20:00.000000+0000,11,175.6602560266892,-31.40889493672762,41.34999546554321,1.0,20.167261089035637,0
2025-04-19T15:21:00.000000+0000,11,173.9639957383085,-30.015229888859267,38.359097643097655,1.0,20.137001789518724,0
2025-04-19T15:22:00.000000+0000,11,172.40273086737702,-28.576383648679723,37.193218855218866,1.0,20.107327151232695,0
2025-04-19T15:23:00.000000+0000,11,175.7394902705093,-28.00554933124505,36.744053872053875,1.0,20.07909798456603,0
2025-04-19T15:24:00.000000+0000,11,173.4685797360774,-25.11691657459096,36.85205387205387,1.0,20.05442298456603,0
2025-04-19T15:25:00.000000+0000,11,172.47354644814504,-26.281405733347697,35.46945454545455,1.0,20.031132041327297,1
2025-04-19T15:26:00.000000+0000,11,173.31621816531677,-30.441397877006523,32.31812121212121,1.0,20.009579100063245,1
2025-04-19T15:27:00.000000+0000,11,165.49445553905414,-20.399627394402728,32.90145454545455,1.0,19.990291600063244,1
2025-04-19T15:28:00.000000+0000,11,162.44706665016525,-9.89896072773604,35.71545454545455,1.0,19.97380566965828,1
2025-04-19T15:29:00.000000+0000,11,158.8688455402682,-7.340549874105903,34.29758135547759,1.0,19.95925379843559,1
2025-04-19T15:30:00.000000+0000,11,155.13414957389583,-3.0369306804861367,34.67463328177575,1.0,19.947184833960364,1
2025-04-19T15:31:00.000000+0000,11,154.60712179611804,3.1155690389302038,34.77063328177575,1.0,19.940067400849994,1
2025-04-19T15:32:00.000000+0000,11,152.18612250815187,3.8280425132039113,33.34396661510909,1.0,19.93633128973888,1
2025-04-19T15:33:00.000000+0000,11,152.3068671798573,4.981472807236258,34.36950880416886,1.0,19.93512773919586,1
2025-04-19T15:34:00.000000+0000,11,154.93523453325346,11.740247741832803,38.402182204842255,1.0,19.936131158447047,1
2025-04-19T15:35:00.000000+0000,11,157.55192364660923,13.300562556647634,41.276182204842264,1.0,19.940264310923396,1
2025-04-19T15:36:00.000000+0000,11,157.69026912399613,13.741503274546915,40.84351553817558,1.0,19.945227837493448,1
2025-04-19T15:37:00.000000+0000,11,158.08740996710057,14.261062748403248,41.50339432605438,1.0,19.950300119951052,1
2025-04-19T15:38:00.000000+0000,11,158.76438218932282,11.030441250058516,40.22722597588602,1.0,19.95666400883994,1
2025-04-19T15:39:00.000000+0000,11,160.79157663376725,12.439913472280779,41.11322597588603,1.0,19.96434746274459,1
2025-04-19T15:40:00.000000+0000,11,161.88602107821168,15.693880363414337,43.62382530248536,1.0,19.97355363248217,1
2025-04-19T15:41:00.000000+0000,11,162.02693830604557,19.152118017735347,44.81849196915202,1.0,19.98340688222187,1
2025-04-19T15:42:00.000000+0000,11,167.96607607260003,22.87124792794856,47.00915863581869,1.0,19.99331447160812,1
2025-04-19T15:43:00.000000+0000,11,169.5485482948222,17.000442372393053,44.20715863581869,1.0,20.00375215175689,1
2025-04-19T15:44:00.000000+0000,11,168.11328405696628,16.58498839080397,43.970365159128974,1.0,20.012688021725356,1
2025-04-19T15:45:00.000000+0000,11,168.8306173902996,16.733398496889976,45.175979899497484,1.0,20.0210208719669,1
2025-04-19T15:46:00.000000+0000,11,167.5069922500078,9.784301414959543,44.79064656616415,1.0,20.02920951971315,1
2025-04-19T15:47:00.000000+0000,11,165.15009354069244,9.135928519336659,45.396336801854396,1.0,20.036529449063995,1
2025-04-19T15:48:00.000000+0000,11,168.7899192982682,11.501579311174623,52.92502356902356,1.0,20.042745413088728,1
2025-04-19T15:49:00.000000+0000,11,170.02696701158223,3.351484736495962,48.660356902356895,1.0,20.046678569396143,1
2025-04-19T15:50:00.000000+0000,11,170.4500195437062,-0.4024666595506403,48.984983164983156,1.0,20.04993602398608,1
2025-04-19T15:51:00.000000+0000,11,169.6005515302382,-1.8312208683048539,48.337649831649834,1.0,20.053233021741406,1
2025-04-19T15:52:00.000000+0000,11,172.11012195672527,-0.2383507587785516,51.16498316498316,1.0,20.05627746618585,1
2025-04-19T15:53:00.000000+0000,11,171.25111572604203,1.4562922866606698,52.06916512059369,1.0,20.05939206535681,1
2025-04-19T15:54:00.000000+0000,11,170.93083794826424,-2.300652157783759,51.333165120593684,1.0,20.061761509801258,1
2025-04-19T15:55:00.000000+0000,11,170.6822380604977,-6.897663381128353,48.642498453927026,1.0,20.061688440042477,1
2025-04-19T15:56:00.000000+0000,11,171.54318699427995,-9.635869329500935,47.15316512059369,1.0,20.06154375445539,1
2025-04-19T15:57:00.000000+0000,11,172.47526639944272,-18.362057601105903,45.54983178726036,1.0,20.06154375445539,1
2025-04-19T15:58:00.000000+0000,11,171.990849732776,-14.558140934439194,47.32183178726036,1.0,20.06154375445539,1
2025-04-19T15:59:00.000000+0000,11,172.26865981497272,-12.429612632797529,47.6311651205937,1.0,20.061543754455386,1
2025-04-19T16:00:00.000000+0000,11,174.7830607083284,-10.780955178861177,48.07627064823189,1.0,20.061543754455386,1
2025-04-19T16:01:00.000000+0000,11,171.95579218980987,-5.335501475157457,47.233603981565224,1.0,20.06154375445539,1
2025-04-19T16:02:00.000000+0000,11,173.64570885647655,-0.6403132035525232,47.22591374587499,1.0,20.061362896714805,1
2025-04-19T16:03:00.000000+0000,11,172.47483640781348,-7.816662201629356,38.811913745874996,1.0,20.060927385827032,1
2025-04-19T16:04:00.000000+0000,11,169.88802676774532,-3.490424980332932,40.91618310614435,1.0,20.06056446008722,1
2025-04-19T16:05:00.000000+0000,11,170.6174179880815,0.5698651039260199,42.658945159669294,1.0,20.05998668230944,1
2025-04-19T16:06:00.000000+0000,11,170.43637730345753,2.6670466415241947,43.81018421690835,1.0,20.059266637827932,1
2025-04-19T16:07:00.000000+0000,11,169.0329864603531,-2.8387847375936133,40.811517550241675,1.0,20.057236082272375,1
2025-04-19T16:08:00.000000+0000,11,169.03506979368643,-3.6723382190162397,42.59333559463116,1.0,20.054788860050152,1
2025-04-19T16:09:00.000000+0000,11,166.69715312701976,-1.9330326634606934,42.302002261297815,1.0,20.05194163782793,1
2025-04-19T16:10:00.000000+0000,11,164.98608947542846,1.2015147960591435,42.68952989948876,1.0,20.04864997116126,1
2025-04-19T16:11:00.000000+0000,11,162.80063567584696,0.8933180110679473,42.28019656615543,1.0,20.045419415605707,1
2025-04-19T16:12:00.000000+0000,11,162.93872013151474,8.825511333177957,43.99419656615543,1.0,20.04223052671682,1
2025-04-19T16:13:00.000000+0000,11,163.16980346484806,5.737094666511297,43.138863232822104,1.0,20.03896941560571,1
2025-04-19T16:14:00.000000+0000,11,163.25472013151474,3.41567294933958,41.87152989948876,1.0,20.03538309367076,1
2025-04-19T16:15:00.000000+0000,11,162.22971747936512,-1.7723880501020801,40.695560050242534,1.0,20.031507822611545,1
2025-04-19T16:16:00.000000+0000,11,163.30127303492065,-3.3190176797317292,40.7522267169092,1.0,20.027195141754557,1
2025-04-19T16:17:00.000000+0000,11,164.65249217072315,-8.352903482200873,40.66756005024253,1.0,20.02306959918361,1
2025-04-19T16:18:00.000000+0000,11,161.72974217072314,-2.9284320354610145,41.39622671690918,1.0,20.01955275165996,1
2025-04-19T16:19:00.000000+0000,11,159.17586869983333,-7.221733087579025,38.11529068997316,1.0,20.016002389945992,1
2025-04-19T16:20:00.000000+0000,11,157.0337883899316,-14.15349470207596,32.3512357071553,1.0,20.012452389945988,1
2025-04-19T16:21:00.000000+0000,11,159.37989080295068,-13.723533142031044,33.35079126271085,1.0,20.008575578351792,1
2025-04-19T16:22:00.000000+0000,11,159.2561130251729,-6.938088697586579,34.327457929377516,1.0,20.005025216637822,1
2025-04-19T16:23:00.000000+0000,11,158.9707418680755,-6.3919897065947,31.99012459604419,1.0,20.00169188330449,1
2025-04-19T16:24:00.000000+0000,11,156.7560701762832,-8.008050287275864,31.40321672334737,1.0,19.99792521663782,1
2025-04-19T16:25:00.000000+0000,11,157.6025564276861,-8.585047843801476,32.073231172698506,1.0,19.99415782654322,1
2025-04-19T16:26:00.000000+0000,11,157.07393437381407,-6.6200193131008405,34.024564506031844,1.0,19.990498950638937,1
2025-04-19T16:27:00.000000+0000,11,158.36565589810215,-13.398575566590495,32.68200839212899,1.0,19.98698796231533,1
2025-04-19T16:28:00.000000+0000,11,156.82890603768902,-12.077992093670417,32.948008392129005,1.0,19.98358222605363,1
2025-04-19T16:29:00.000000+0000,11,156.9819868457698,-9.6884062350845,36.466008392129,1.0,19.980031319498543,1
2025-04-19T16:30:00.000000+0000,11,152.9338115238801,-7.5235179053828745,35.44264375750809,1.0,19.976181963771456,1
2025-04-19T16:31:00.000000+0000,11,156.56035782017642,-3.421897535012505,39.04531042417475,1.0,19.972208352660342,1
2025-04-19T16:32:00.000000+0000,11,155.27005226462086,-1.0295364239013907,41.61064375750808,1.0,19.967969463771453,1
2025-04-19T16:33:00.000000+0000,11,152.563385210213,-6.2379249250491,39.84064375750809,1.0,19.961634125425586,1
2025-04-19T16:34:00.000000+0000,11,146.7319519891131,-5.22218362314112,37.22597709084142,1.0,19.954793206174404,1
2025-04-19T16:35:00.000000+0000,11,139.2056976935805,-3.6745959942751654,35.46131042417475,1.0,19.947868387031388,1
2025-04-19T16:36:00.000000+0000,11,134.85223837820453,-10.804119282715135,30.981849144713472,1.0,19.94047394258694,1
2025-04-19T16:37:00.000000+0000,11,132.42918282264895,-19.888841504937346,28.887849144713474,1.0,19.93480999346267,1
2025-04-19T16:38:00.000000+0000,11,127.8538772670934,-24.724874894387398,27.210515811380137,1.0,19.928229437907113,1
2025-04-19T16:39:00.000000+0000,11,124.2974883782045,-24.450531510802804,26.306757017410288,1.0,19.92040166012934,1
2025-04-19T16:40:00.000000+0000,11,120.79713536312914,-28.220373220755505,24.045881596534862,1.0,19.912429437907115,1
2025-04-19T16:41:00.000000+0000,11,117.87628304598788,-32.57763201472534,21.1032149298682,1.0,19.904457818541506,1
2025-04-19T16:42:00.000000+0000,11,109.65847749043232,-35.308602841079335,18.50643771043771,1.0,19.89774627151869,1
2025-04-19T16:43:00.000000+0000,11,105.5936163793212,-39.157297564697416,16.311104377104375,1.0,19.891964327074245,1
2025-04-19T16:44:00.000000+0000,11,102.73353304598787,-44.56004756469742,12.311771043771042,1.0,19.890025438185358,1
2025-04-19T16:45:00.000000+0000,11,100.44098014258196,-44.96931347591529,11.446666666666665,1.0,19.88944766040758,1
2025-04-19T16:46:00.000000+0000,11,97.36556347591528,-55.772896809248614,6.441333333333332,1.0,19.88944766040758,1
2025-04-19T16:47:00.000000+0000,11,94.06623014258194,-60.1742856981375,1.7080000000000004,1.0,19.890098745549484,1
2025-04-19T16:48:00.000000+0000,11,89.54973014258195,-56.77573014258195,1.4040000000000077,1.0,19.891182078882814,1
2025-04-19T16:49:00.000000+0000,11,87.15230084965266,-54.357467516319325,1.3213333333333404,1.0,19.89577201841576,1
2025-04-19T16:50:00.000000+0000,11,84.0752452940971,-51.45585640520821,1.2680000000000045,1.0,19.90299324193861,1
2025-04-19T16:51:00.000000+0000,11,78.1239206588558,-45.924198436633574,1.1986666666666699,1.0,19.912855741938618,1
2025-04-19T16:52:00.000000+0000,11,73.04044843663358,-39.499892881078026,1.4533333333333378,1.0,19.924852964160838,1
2025-04-19T16:53:00.000000+0000,11,69.15902896413078,-33.96997340857523,2.180666666666671,1.0,19.937573500125016,1
2025-04-19T16:54:00.000000+0000,11,67.50386732258974,-32.34308954481197,2.2240000000000046,1.0,19.951870722347234,1
2025-04-19T16:55:00.000000+0000,11,69.51373797354373,-23.063024168829926,8.302000000000001,1.0,19.96846516679168,1
2025-04-19T16:56:00.000000+0000,11,73.38069672775246,-11.917954303510044,13.136585858585864,1.0,19.985276519045435,1
2025-04-19T16:57:00.000000+0000,11,71.76623777819124,-2.583636871161758,14.457919191919196,1.0,20.003899707451232,1
2025-04-19T16:58:00.000000+0000,11,73.60395986082663,7.16764104620286,16.81525252525253,1.0,20.022746929673456,1
2025-04-19T16:59:00.000000+0000,11,74.56309874971552,16.389613268425066,18.495252525252532,1.0,20.041421929673454,1
2025-04-19T17:00:00.000000+0000,11,78.37799057076768,22.906323904101,20.30264281000965,1.0,20.05910055074657,1
2025-04-19T17:01:00.000000+0000,11,75.14889090577604,33.5562242391094,21.42664281000965,1.0,20.075767217413233,1
2025-04-19T17:02:00.000000+0000,11,74.67661312799828,40.784668683553804,22.78130947667632,1.0,20.092542217413236,1
2025-04-19T17:03:00.000000+0000,11,80.91423614387128,48.140236143871306,25.360642810009647,1.0,20.108142830568195,1
2025-04-19T17:04:00.000000+0000,11,82.5260643751638,49.731231041830455,25.78664281000965,1.0,20.122409497234866,1
2025-04-19T17:05:00.000000+0000,11,82.64123104183047,50.02184215294157,25.957976143342982,1.0,20.135159497234863,1
2025-04-19T17:06:00.000000+0000,11,82.49261993071936,50.29289770849714,26.008642810009647,1.0,20.14939977501264,1
2025-04-19T17:07:00.000000+0000,11,82.61895326405268,49.07839770849715,25.89597614334298,1.0,20.16476644167931,1
2025-04-19T17:08:00.000000+0000,11,83.24398104183047,48.054925486274925,26.010642810009646,1.0,20.18132477501264,1
2025-04-19T17:09:00.000000+0000,11,83.22403659738602,48.06325881960824,25.984642810009646,1.0,20.19806366390153,1
2025-04-19T17:10:00.000000+0000,11,83.98645326405268,37.535739459338885,20.55064281000965,1.0,20.215669219457087,1
2025-04-19T17:11:00.000000+0000,11,84.5288143751638,23.06607195092137,16.286056951423788,1.0,20.235094219457086,1
2025-04-19T17:12:00.000000+0000,11,84.83317548627491,15.65057457924543,15.012723618090456,1.0,20.255094219457085,1
2025-04-19T17:13:00.000000+0000,11,86.97361993071937,6.202019023689886,15.445390284757119,1.0,20.275202552790418,1
2025-04-19T17:14:00.000000+0000,11,86.93167548627493,-4.02103653186569,13.814723618090454,1.0,20.29520255279042,1
2025-04-19T17:15:00.000000+0000,11,86.85700881960824,-14.427305655260426,12.13133333333334,1.0,20.31552782384964,1
2025-04-19T17:16:00.000000+0000,11,86.73898104183046,-21.96613410305494,10.980000000000011,1.0,20.336398657182972,1
2025-04-19T17:17:00.000000+0000,11,90.78027216866647,-24.68100964288564,9.939333333333346,1.0,20.356647932545286,1
2025-04-19T17:18:00.000000+0000,11,92.88783449241153,-36.16663779533104,7.5993333333333455,1.0,20.376722932545288,1
2025-04-19T17:19:00.000000+0000,11,93.09919560352265,-39.15809981347164,7.292666666666681,1.0,20.396722932545288,1
2025-04-19T17:20:00.000000+0000,11,94.59666782574486,-38.06640536902719,8.152666666666683,1.0,20.416722932545287,1
2025-04-19T17:21:00.000000+0000,11,101.65441155714977,-31.131106082066736,13.26133333333335,1.0,20.436650408138032,1
2025-04-19T17:22:00.000000+0000,11,102.39285572101059,-29.304495251539237,13.698882154882172,1.0,20.456650408138035,1
2025-04-19T17:23:00.000000+0000,11,101.98702238767727,-29.31188414042815,12.898215488215508,1.0,20.477517074804705,1
2025-04-19T17:24:00.000000+0000,11,101.98280016545503,-29.304495251539237,12.928215488215503,1.0,20.500679574804703,1
2025-04-19T17:25:00.000000+0000,11,97.31130437420924,-24.210888349182326,13.264882154882171,1.0,20.52589624147137,1
2025-04-19T17:26:00.000000+0000,11,89.89287339777826,-17.7020129283069,12.860215488215507,1.0,20.552774019249146,1
2025-04-19T17:27:00.000000+0000,11,86.75638860082918,-13.727361464691171,13.046882154882173,1.0,20.580201674239415,1
2025-04-19T17:28:00.000000+0000,11,81.7018608230514,-11.473778131357832,10.98754882154884,1.0,20.608390563128303,1
2025-04-19T17:29:00.000000+0000,11,79.57515768051492,-3.3354812738942883,14.710882154882174,1.0,20.63672389646164,1
2025-04-19T17:30:00.000000+0000,11,78.08929824444569,5.659595080097873,19.264506945501935,1.0,20.66463497028714,1
2025-04-19T17:31:00.000000+0000,11,74.50520346499287,9.732356526217373,19.512506945501933,1.0,20.692090525842698,1
2025-04-19T17:32:00.000000+0000,11,75.60912013165954,9.509857605878707,22.836506945501927,1.0,20.718807192509367,1
2025-04-19T17:33:00.000000+0000,11,71.9725248935643,15.251328196483826,27.290506945501928,1.0,20.74395163695381,1
2025-04-19T17:34:00.000000+0000,11,72.7190577733829,18.777961983331878,27.87450694550193,1.0,20.768301636953808,1
